id,name,email,department,position,start_date,salary
1,Martha Hutchinson,randy09@example.net,Finance,Administrator,2023-04-06,77367
2,Meghan Cervantes,matthewsnyder@example.com,Finance,Mental health nurse,2022-05-26,81869
3,April Hanna,lwood@example.net,Finance,Field seismologist,2020-06-11,97907
4,George Yang,ellen93@example.net,Engineering,"Nurse, children's",2020-11-25,110034
5,Joseph Patrick,patriciacollins@example.net,Engineering,Meteorologist,2021-01-12,70091
6,Spencer White,stephenclark@example.org,Engineering,"Scientist, forensic",2021-12-16,116054
7,Angela Arellano,cherylchavez@example.org,IT,"Programmer, multimedia",2023-05-06,103163
8,Willie Hernandez,brianthompson@example.org,IT,Horticultural consultant,2023-04-27,71454
9,Jose Campbell,torresmichelle@example.org,IT,Osteopath,2020-09-28,55130
10,Robert Adams,johnsondebra@example.net,Marketing,Forest/woodland manager,2020-08-07,97658
11,Richard Gamble,michellejacobs@example.org,Engineering,Broadcast engineer,2021-01-26,76496
12,Carrie Perkins,robinmartin@example.net,Engineering,Land/geomatics surveyor,2022-05-03,51269
13,Marcus Wilson Jr.,hsims@example.org,IT,"Sound technician, broadcasting/film/video",2021-07-27,116673
14,Terry White,pattersonangel@example.net,HR,Personal assistant,2019-01-19,110707
15,Lisa Wood,judith49@example.com,Engineering,Translator,2019-12-05,92780
16,Chad Romero,teresamorris@example.net,HR,"Engineer, structural",2023-11-13,57121
17,Kathleen Villa,angelabaker@example.com,IT,Food technologist,2021-08-21,107721
18,Samuel Wells,schroedersteven@example.net,Finance,Geoscientist,2022-04-27,113857
19,Lori Lewis,merrittjason@example.org,Finance,Warden/ranger,2023-10-29,55007
20,David Hurst,anthony59@example.net,Engineering,Quantity surveyor,2023-02-07,54429
21,Heather Davis,brittany83@example.com,HR,"Nurse, mental health",2022-11-24,80561
22,Ms. Lisa Warner MD,elliskara@example.org,Engineering,Early years teacher,2023-03-18,64271
23,John Mcfarland MD,matthew75@example.org,Engineering,Accounting technician,2021-11-25,110926
24,Amber Chambers,williamsstephanie@example.org,Marketing,Aid worker,2020-11-02,116501
25,Michelle Hunter,margaret91@example.net,IT,Minerals surveyor,2019-10-30,47720
26,Michael Snyder,higginsedward@example.net,IT,Forensic scientist,2023-05-03,108871
27,Tiffany White,shannonblack@example.org,Marketing,Broadcast presenter,2022-06-19,59449
28,Crystal Foley,ian25@example.org,Marketing,"Engineer, technical sales",2022-06-11,91546
29,Daniel Boyd,iwilliams@example.net,Marketing,Land/geomatics surveyor,2022-02-27,99149
30,Stacey Shaw,michael90@example.net,Engineering,"Conservator, furniture",2023-03-27,46589
31,Jackie Fox,simongeorge@example.org,IT,Publishing copy,2019-12-13,80359
32,Tammy Merritt,karenhickman@example.com,Marketing,Medical physicist,2020-08-20,53546
33,David Andrews,dunndanielle@example.org,Engineering,Public relations account executive,2021-12-21,104472
34,Jason Warren,abigail47@example.net,Finance,Operations geologist,2021-05-31,101701
35,Jennifer Griffin,maria90@example.com,IT,"Production designer, theatre/television/film",2023-06-06,95624
36,Daniel Hughes,raymond86@example.net,Engineering,Education administrator,2020-07-27,47248
37,Angela Johnson,nelsonrobert@example.org,Engineering,Garment/textile technologist,2019-01-02,55501
38,Kayla Jones,danielfigueroa@example.net,IT,Visual merchandiser,2021-10-18,60016
39,Andrew Stewart,gforbes@example.net,Marketing,Chief Strategy Officer,2022-06-20,104483
40,Russell Miller,william49@example.com,Engineering,Writer,2021-05-31,69299
41,Anthony Horton,hollowaywilliam@example.com,Finance,Automotive engineer,2022-10-17,97515
42,Carlos Baker,michael58@example.net,IT,Cartographer,2022-12-14,96711
43,Nicholas Carter,gregory29@example.com,HR,Warehouse manager,2021-09-20,85127
44,Paul Thomas,lskinner@example.org,IT,Technical sales engineer,2023-10-27,115450
45,Todd Haynes,nicholas73@example.net,Marketing,Psychiatric nurse,2021-04-01,61091
46,Mark Vance,martinheather@example.org,Finance,Fine artist,2021-05-31,116191
47,Zachary Graves,fward@example.net,Finance,Investment analyst,2019-11-15,83404
48,Kevin Atkins,sullivanelizabeth@example.org,IT,Public house manager,2021-01-02,68518
49,Timothy Chaney,bendermia@example.org,Marketing,Phytotherapist,2021-07-24,118203
50,James Cole DDS,gamblecarol@example.net,Finance,Sub,2020-11-10,90398
51,Antonio Nixon,christophergross@example.org,IT,Chief Strategy Officer,2020-09-09,113585
52,Brittney Foster,kevin45@example.net,IT,"Teacher, English as a foreign language",2018-11-29,101665
53,Christopher Christensen,lauramullins@example.com,Finance,Video editor,2022-04-12,103552
54,Valerie Gonzalez,nguyenperry@example.com,IT,Secretary/administrator,2019-04-30,61667
55,Matthew Clark,evanskevin@example.org,HR,"Librarian, public",2019-03-05,81420
56,Amanda Nichols,idavidson@example.org,Engineering,Dance movement psychotherapist,2020-02-27,86793
57,Mrs. Brittany Lee,duffyderrick@example.net,Marketing,Restaurant manager,2019-05-14,74417
58,Ryan Baker,lesliecarney@example.org,Finance,Licensed conveyancer,2023-01-02,117509
59,Joshua Krueger,davehaynes@example.net,Finance,Early years teacher,2023-03-20,47888
60,Dwayne Owens,goodwinjerry@example.net,HR,"Accountant, chartered management",2022-08-24,77255
61,Sarah Carrillo,gvaldez@example.org,Marketing,Oceanographer,2019-08-10,91586
62,Eric Black,benjaminross@example.com,Marketing,Licensed conveyancer,2019-01-05,87241
63,Michael Carr,johncurry@example.org,Finance,Oceanographer,2023-03-31,89621
64,Nathan Jones,melissa17@example.org,Marketing,"Teacher, primary school",2021-11-16,96565
65,Meagan Murphy,frederick29@example.net,HR,Learning disability nurse,2020-06-16,114007
66,Carla Davis,vvega@example.com,HR,Event organiser,2020-10-20,45527
67,Joshua Spencer,rhines@example.net,HR,Technical brewer,2020-08-19,99501
68,Aaron Kelly,brendan60@example.org,HR,"Conservation officer, nature",2020-11-09,111004
69,Kimberly Smith,sergiowoodard@example.net,HR,Psychotherapist,2020-05-28,99497
70,Kayla White,barnesjoan@example.org,Finance,Advertising account executive,2021-08-18,108951
71,Dr. Amanda Gray,xwallace@example.org,IT,Communications engineer,2019-02-06,75861
72,Emily Scott,millersarah@example.org,Marketing,"Conservator, furniture",2022-12-04,64805
73,Destiny Nguyen,hernandezsamantha@example.org,Marketing,Licensed conveyancer,2020-07-23,94176
74,Joshua Morton,davisapril@example.net,HR,IT trainer,2020-11-04,109551
75,Holly Wu,davidorr@example.com,HR,"Surveyor, land/geomatics",2020-11-23,108501
76,Rebecca King,cbrown@example.com,IT,Geoscientist,2021-11-06,97259
77,Justin Tanner,changwilliam@example.com,Engineering,Chartered management accountant,2019-07-27,64146
78,Michele Bennett,patty83@example.net,Marketing,"Production designer, theatre/television/film",2020-03-31,107793
79,Adam Salazar,robertshields@example.org,Marketing,Barista,2022-10-22,63324
80,Veronica Diaz,thompsonanthony@example.net,Engineering,Systems analyst,2021-01-21,115568
81,Craig Rivera,robert75@example.com,IT,"Nurse, mental health",2023-02-22,92658
82,Rebecca Doyle,tylerandrew@example.com,IT,Educational psychologist,2019-01-27,62137
83,Deanna Wiley,wilsonlauren@example.net,Marketing,"Accountant, chartered",2018-11-19,90185
84,Scott Cummings,kstevens@example.net,Finance,Regulatory affairs officer,2022-04-28,101598
85,Erin Parrish,pateltara@example.org,IT,"Civil engineer, consulting",2019-05-14,119162
86,Norma Pope,christy12@example.org,Marketing,Travel agency manager,2020-01-21,70793
87,Cheryl Schaefer DDS,annalopez@example.com,HR,"Scientist, research (life sciences)",2019-04-15,97590
88,Logan Davis,stacy13@example.org,HR,"Engineer, structural",2023-05-30,112723
89,Christopher Vega,wilsondebra@example.net,Finance,Economist,2023-07-07,65710
90,Nicole Duncan,anna34@example.net,Marketing,Health and safety adviser,2020-07-16,108406
91,Stephanie Johnson,mollyscott@example.com,Marketing,"Surveyor, building control",2021-12-15,110611
92,Zachary Mullins,floreslaura@example.com,Finance,"Designer, ceramics/pottery",2020-06-04,71530
93,Stacy Eaton,bakerpatricia@example.org,Engineering,Primary school teacher,2020-03-08,72269
94,Melanie Wallace,wrighttony@example.com,Finance,Licensed conveyancer,2019-11-27,67445
95,William Smith,sheenabush@example.com,IT,TEFL teacher,2023-11-02,69506
96,Amy Alvarez,mcleancarlos@example.com,Finance,Purchasing manager,2020-11-11,111868
97,Robert Powers,davidchen@example.com,HR,Chief of Staff,2023-06-01,112424
98,Kenneth Hernandez,jwoods@example.net,Engineering,Retail merchandiser,2021-06-29,93493
99,Brian King,clarkbenjamin@example.com,Finance,Pathologist,2021-06-24,63828
100,Joshua Duncan,jacquelineschwartz@example.com,Finance,Television floor manager,2020-10-14,102652
101,Lisa Foley,hdavis@example.com,Finance,Control and instrumentation engineer,2022-12-19,47324
102,Christy Moreno,alexis41@example.net,Marketing,Energy engineer,2019-04-22,78187
103,Amber Gonzalez,kristinagraves@example.com,IT,"Editor, commissioning",2020-02-15,64563
104,Karen Dougherty,zacharyford@example.org,Finance,Advice worker,2023-03-13,78147
105,Tyrone Myers,jack94@example.net,HR,Legal executive,2018-11-21,95130
106,Samantha Baker,uwilson@example.com,HR,Chartered management accountant,2020-09-28,50757
107,Kenneth Black,shannonyoung@example.net,IT,Medical sales representative,2023-03-12,98721
108,Michael Knight,kirstenmcguire@example.com,Engineering,"Lecturer, further education",2020-06-11,54842
109,William Preston,judydillon@example.net,Finance,"Engineer, land",2021-12-07,105453
110,Judy Rodriguez,qnunez@example.org,IT,Health promotion specialist,2023-04-26,83975
111,Brandon Becker,tanyalane@example.net,IT,"Exhibitions officer, museum/gallery",2023-09-19,77626
112,Timothy Horn,katiejackson@example.com,IT,Magazine features editor,2020-07-31,89190
113,Donald Cox,kurtbrowning@example.com,HR,"Programmer, applications",2020-12-04,53538
114,Peter Richards,schambers@example.net,Engineering,"Secretary, company",2021-04-25,48584
115,Melissa Bowen,cohenpeter@example.org,IT,Professor Emeritus,2020-12-29,95737
116,Michelle Williams,srobinson@example.com,HR,Electrical engineer,2020-10-26,90872
117,Christine Graham,erin80@example.net,Engineering,Associate Professor,2022-10-07,63883
118,James Farley,derekpalmer@example.com,Finance,"Therapist, drama",2022-09-19,100555
119,Katrina Hinton MD,jmason@example.com,Engineering,"Engineer, materials",2022-01-19,70217
120,Eileen Salinas,woodjessica@example.net,IT,Solicitor,2023-09-07,76375
121,Megan Donaldson,elizabeth82@example.net,Engineering,Leisure centre manager,2022-08-24,65816
122,Danielle Hogan,daniel91@example.net,Finance,Primary school teacher,2022-09-06,99442
123,Sharon Johnson,sullivangregory@example.net,IT,Claims inspector/assessor,2020-12-09,45305
124,Anthony White,fbenton@example.org,Engineering,Electronics engineer,2023-09-21,41446
125,David Mcbride,mmoody@example.com,IT,Waste management officer,2020-04-08,44438
126,Michael Moody,hbarrett@example.org,Finance,"Designer, jewellery",2021-01-31,54430
127,Joshua Drake,ymcfarland@example.org,HR,Prison officer,2019-01-14,77177
128,Kimberly Williams,elizabeth60@example.org,Marketing,Film/video editor,2020-12-03,106008
129,John Smith,crystalmorrison@example.net,Engineering,Lawyer,2023-01-21,74221
130,Cynthia Ortiz,rjackson@example.org,IT,"Pilot, airline",2021-08-03,65079
131,Mrs. Elaine Gonzalez MD,colemanjeremy@example.org,Engineering,Chartered legal executive (England and Wales),2021-09-13,98599
132,Andre Walker,emilynovak@example.net,IT,Prison officer,2019-04-09,112926
133,Amanda Thompson,david22@example.com,Marketing,Commercial horticulturist,2021-12-04,116667
134,Mary Ortiz,jason37@example.net,Marketing,IT trainer,2023-06-24,79758
135,Brandon Miller,kristamartinez@example.org,Marketing,Astronomer,2020-06-08,59876
136,Matthew Patterson,danielfarley@example.net,Engineering,Environmental manager,2020-12-13,106340
137,Betty Weaver,tgreen@example.org,Finance,"Nurse, mental health",2022-10-23,79195
138,Monica Parrish,kenneth42@example.org,IT,Printmaker,2020-05-28,71263
139,Elizabeth Cruz,amandacastillo@example.org,HR,Radiation protection practitioner,2021-05-31,42409
140,Kim Richards,adam27@example.com,Finance,Quantity surveyor,2019-09-25,71504
141,Bryan Cole,toddmorales@example.net,Finance,Midwife,2020-02-10,48453
142,Miss Michelle Mcdowell,tamara01@example.org,HR,Mining engineer,2022-12-18,93976
143,Jerry Robinson,thomasstephen@example.com,HR,Advertising account executive,2019-05-01,58924
144,Elizabeth Acosta,pfisher@example.com,HR,"Horticulturist, commercial",2022-03-27,82648
145,Cassandra Anderson,charleneoconnor@example.org,Engineering,Agricultural consultant,2020-05-06,76468
146,Kevin Hart,danielle72@example.net,HR,Brewing technologist,2022-02-22,73612
147,Tony Johnson,melendezbarbara@example.net,HR,Insurance risk surveyor,2023-06-18,83363
148,Nancy Waters,robert00@example.org,Engineering,Catering manager,2020-02-28,86908
149,Miss Denise Marshall,vanessa72@example.com,Finance,Dance movement psychotherapist,2022-07-19,84021
150,Matthew King,jacob68@example.com,Engineering,Radiation protection practitioner,2019-03-18,52360
151,Christine Jordan,acampbell@example.org,HR,Fashion designer,2020-08-06,64857
152,Kelly Evans,parkerkaitlyn@example.com,Marketing,Site engineer,2022-09-20,63081
153,Jesse Richardson,hchen@example.com,HR,"Teacher, special educational needs",2021-08-15,108396
154,Francisco Robinson,ashleystewart@example.org,Marketing,"Merchandiser, retail",2021-06-26,118372
155,Barry Williams,philipboone@example.org,Marketing,Passenger transport manager,2019-12-01,56281
156,Mrs. Bonnie Estrada,antonio95@example.com,Engineering,Maintenance engineer,2022-10-22,64673
157,Kyle Wang,brendan61@example.com,Marketing,"Engineer, biomedical",2023-07-31,70954
158,Shawna Carney,adriana41@example.net,HR,Materials engineer,2022-09-27,116822
159,Tyler Gonzales,andrew57@example.org,Engineering,Industrial buyer,2023-05-08,87687
160,Christy Lara,kaylanguyen@example.net,Finance,Clinical cytogeneticist,2018-12-28,45816
161,Amanda Barker,marcusfrank@example.com,Marketing,"Surveyor, quantity",2020-02-28,106250
162,Steven Gill,amy28@example.com,HR,Charity officer,2020-04-15,57983
163,Neil Moore,williamjackson@example.org,Marketing,"Accountant, chartered management",2021-04-06,46483
164,Travis Pham,wiseheather@example.org,Marketing,Actor,2020-02-13,105274
165,Sarah Potter,courtneyhays@example.net,IT,"Development worker, international aid",2020-10-29,62077
166,David Martinez,annawilson@example.com,IT,"Engineer, communications",2022-05-05,115572
167,Peter Mccoy,jose44@example.net,Engineering,"Engineer, production",2021-03-26,99288
168,Abigail Beard,garymitchell@example.net,IT,"Scientist, research (life sciences)",2020-10-21,48617
169,Frank Conley,jane49@example.com,Marketing,Merchant navy officer,2021-09-26,112164
170,Sheila Howell,meadowscurtis@example.net,Marketing,Accommodation manager,2019-07-30,88426
171,Molly Martinez,kenneth62@example.org,HR,Learning disability nurse,2023-01-07,95043
172,Daniel Meadows,matthewsawyer@example.com,Finance,Health physicist,2021-04-11,101562
173,Tracy Clements,ebrown@example.org,Marketing,Statistician,2021-09-12,115238
174,Justin Huff,christinewheeler@example.com,Engineering,Immigration officer,2023-06-26,102351
175,Travis Macias,jenkinslinda@example.net,Finance,"Therapist, speech and language",2021-03-23,86921
176,Christine Perez,jvasquez@example.com,Marketing,"Research officer, trade union",2020-04-30,89735
177,Javier James,tflynn@example.com,HR,Theatre stage manager,2020-01-05,61073
178,Jonathan Dennis,dhanson@example.net,HR,Art gallery manager,2020-05-27,112275
179,Steven Wilson,cody52@example.org,HR,Wellsite geologist,2020-07-05,53339
180,Edward Robertson,christophersilva@example.org,Marketing,Financial manager,2023-03-07,85474
181,Justin Lyons,ukim@example.org,HR,Museum/gallery conservator,2019-03-05,76554
182,Cheyenne Hicks,bryanrandolph@example.com,HR,Financial trader,2021-12-02,60425
183,Anthony Rogers,nnorman@example.com,Finance,Insurance risk surveyor,2022-02-08,95226
184,Donald Suarez,jasonwoods@example.net,Engineering,Air cabin crew,2019-01-31,118215
185,Luis Parsons,bkeller@example.net,HR,Associate Professor,2020-11-28,53205
186,Juan Rodriguez,hrichardson@example.com,HR,"Pharmacist, community",2020-11-05,84797
187,Steven Johnston,bruceamy@example.org,Engineering,Lobbyist,2023-07-07,77970
188,Steven Gomez,rogersjennifer@example.com,HR,Chiropractor,2022-07-14,87262
189,Becky Rich,garciayvette@example.net,Finance,"Sound technician, broadcasting/film/video",2018-11-20,83769
190,Jackie Gonzalez,clarkejohn@example.com,Marketing,Estate agent,2023-05-19,78457
191,Kelli Baker,jonescharles@example.com,Engineering,Data processing manager,2019-01-20,49314
192,Stephanie Davis,jamessmith@example.net,Marketing,Secretary/administrator,2023-07-09,62147
193,Teresa Ortega,mboyd@example.com,HR,Ergonomist,2021-02-17,96862
194,Stephanie Elliott,lisa54@example.net,HR,"Programmer, multimedia",2020-08-24,74176
195,Michael Cruz,ncrawford@example.net,IT,Speech and language therapist,2022-12-10,104981
196,Jessica Green,dustinmccall@example.com,Marketing,Paramedic,2021-01-26,117681
197,Kristine Perez,sleonard@example.com,IT,Health promotion specialist,2019-05-12,107462
198,James Collins,sethdixon@example.net,Finance,Travel agency manager,2019-01-22,77769
199,Ashley Cunningham,hhunt@example.com,Finance,Heritage manager,2022-10-18,106314
200,Heidi Mcconnell,deanjames@example.org,Finance,"Lighting technician, broadcasting/film/video",2022-04-09,95984
201,Kendra Lewis,qdrake@example.net,Marketing,"Librarian, public",2018-12-11,93026
202,Evan Smith,jamesobrien@example.com,Engineering,Patent examiner,2019-07-25,119903
203,Brooke George,kelliott@example.net,IT,Counsellor,2023-08-28,76445
204,Shelley Pennington,colerobinson@example.com,IT,Early years teacher,2022-09-25,50280
205,Jose Hardy,shannonterrell@example.net,Marketing,Hospital pharmacist,2020-07-06,78160
206,Darryl Fernandez,sherilogan@example.org,Finance,"Programme researcher, broadcasting/film/video",2022-10-11,44293
207,Richard Chase,njohnson@example.org,Marketing,Child psychotherapist,2020-05-07,40281
208,Karen Davis,schase@example.net,Finance,Haematologist,2022-10-15,64828
209,Carol Reynolds,pamelamaxwell@example.org,Finance,"Designer, interior/spatial",2019-11-16,88089
210,Cynthia Arnold,phamamber@example.org,Finance,Psychiatric nurse,2022-02-01,119987
211,Julia Hanson,sarah95@example.org,Marketing,Product designer,2022-04-22,95510
212,William Reyes,diana16@example.com,Engineering,International aid/development worker,2023-07-28,46277
213,Jennifer Gibbs,cwilson@example.com,Engineering,Publishing copy,2020-06-26,87454
214,Amy Michael,maria70@example.com,Engineering,Administrator,2022-03-26,84276
215,Jenna Gray,eric12@example.com,HR,Agricultural engineer,2022-07-12,85045
216,Sara Gross,barbara87@example.com,Engineering,"Editor, film/video",2022-03-12,80351
217,Jeffrey Wood,christopherhill@example.org,Finance,Tree surgeon,2023-07-19,99337
218,Andrea Roberts,jeremy16@example.org,HR,Community development worker,2019-04-29,116763
219,William Beard,jacksonbrooke@example.org,Marketing,Firefighter,2019-11-04,91996
220,Scott Perry,brownnichole@example.com,Marketing,Textile designer,2021-05-31,56084
221,Donald Willis,ivan55@example.org,Engineering,"Engineer, site",2021-08-23,102947
222,John Knapp,henry01@example.com,Finance,Logistics and distribution manager,2020-11-09,108971
223,Scott Cobb,stephaniearnold@example.org,Finance,"Designer, multimedia",2019-05-15,58431
224,Erika Castro,yeseniafoster@example.net,Engineering,"Surveyor, insurance",2023-05-26,92064
225,Daniel Castillo,vhenderson@example.net,HR,Freight forwarder,2019-08-16,102244
226,Casey Wilson,brownroy@example.com,IT,Manufacturing systems engineer,2019-09-05,46944
227,Laurie Adams,george85@example.org,HR,Waste management officer,2020-08-08,43798
228,Ashley Hinton,huntjacqueline@example.net,Finance,Copy,2018-12-12,44498
229,Kyle Robles DDS,mlong@example.org,Finance,Chartered accountant,2022-11-30,45073
230,Kayla Stevens MD,jennifer03@example.net,HR,Podiatrist,2021-11-29,113733
231,John Gomez,jessica63@example.net,Finance,"Therapist, music",2022-02-23,68575
232,Amy Joseph,stephaniemiller@example.com,IT,"Geneticist, molecular",2018-12-04,48908
233,Jacob Tucker,lross@example.net,Finance,Broadcast presenter,2021-05-28,70550
234,Richard Griffin,allenlevine@example.org,Marketing,Community pharmacist,2018-11-26,110672
235,Gregory Thompson,harrisstephen@example.org,IT,Quality manager,2021-10-01,45713
236,Rachel Taylor,leslielopez@example.org,Engineering,Insurance claims handler,2022-04-11,85718
237,Katie Richards,jenniferholt@example.org,Marketing,Drilling engineer,2019-02-10,118389
238,Justin Vasquez,deborah86@example.com,Marketing,Horticultural consultant,2020-03-29,90137
239,Dalton Soto,lisamurphy@example.org,Marketing,"Surveyor, minerals",2020-02-11,64078
240,Evan Williams,william12@example.net,IT,Company secretary,2022-09-30,48308
241,Paula Smith,zmorgan@example.net,Marketing,Translator,2020-08-07,81888
242,David Odonnell,samuelalvarez@example.org,Engineering,Clinical embryologist,2019-02-12,62899
243,Nicole Hammond,howellcarmen@example.org,Engineering,Estate manager/land agent,2019-11-01,54249
244,Joshua Thomas,johnsonmegan@example.net,Marketing,Information officer,2019-09-23,98833
245,Kristin Lopez,lsimpson@example.com,Engineering,"Accountant, chartered public finance",2020-11-27,59605
246,Michelle Lee,clarksandra@example.com,Finance,Operational researcher,2018-11-21,102862
247,Valerie Cruz,kortiz@example.com,HR,Risk analyst,2020-08-14,74038
248,Heather Perez,kimberly30@example.org,IT,Event organiser,2023-06-03,57089
249,Barbara Perkins,tyler58@example.net,Engineering,Advertising account executive,2023-08-20,113478
250,Jennifer Fleming,keithgreen@example.net,Engineering,"Engineer, mining",2021-03-27,46110
251,Christopher Kelly,alexandra48@example.org,Marketing,Ranger/warden,2021-11-17,105658
252,Lisa Boyd,mclaughlinamanda@example.org,Engineering,Site engineer,2019-06-10,61621
253,Nancy Miles,mary59@example.net,IT,"Editor, commissioning",2022-08-13,83602
254,Vanessa Mitchell,robin41@example.org,Marketing,"Doctor, hospital",2023-08-11,98976
255,Matthew Foster,lawrence67@example.org,IT,Dancer,2019-07-04,57784
256,Michael Calderon,scott24@example.net,HR,Newspaper journalist,2019-07-13,105786
257,Jamie Perez,ruizeric@example.org,IT,"Physicist, medical",2021-03-13,108660
258,Jennifer Mitchell,andreamooney@example.net,HR,"Producer, radio",2022-07-22,92046
259,Joseph Clark,jennifer72@example.org,Marketing,IT technical support officer,2023-02-05,73631
260,Connie Edwards,jason90@example.net,IT,Garment/textile technologist,2019-09-30,61695
261,Matthew Young,atorres@example.net,HR,Rural practice surveyor,2020-06-19,114511
262,Andrea Schneider,xmorgan@example.com,Engineering,Lawyer,2021-05-20,96302
263,Raymond Graham,barnettkatherine@example.org,Finance,Estate agent,2019-08-19,95218
264,James Horton,svega@example.com,Engineering,Recruitment consultant,2023-10-06,46994
265,Brandon Scott,dreid@example.net,IT,Financial risk analyst,2022-02-16,98752
266,Charles Caldwell,ofisher@example.org,Engineering,Geochemist,2019-06-03,51657
267,April Nguyen,williamsstephen@example.org,Finance,Fisheries officer,2023-07-12,115763
268,Jessica Moss,troberts@example.net,Marketing,"Therapist, speech and language",2019-12-22,101913
269,James Rivas,rioselizabeth@example.com,Finance,Tour manager,2021-02-06,100562
270,Jeremy Escobar,swood@example.org,IT,Diplomatic Services operational officer,2020-10-25,41792
271,Jessica Johnson,daniel01@example.org,Marketing,Field trials officer,2019-02-01,55910
272,Robert Collier,jessica13@example.com,Marketing,Communications engineer,2019-12-05,91353
273,Randy Charles,nhull@example.com,Engineering,Cabin crew,2020-05-20,91492
274,Eric Hernandez,pauldoyle@example.org,IT,Primary school teacher,2021-12-13,79360
275,Michelle Kirby,adamanderson@example.org,IT,Ergonomist,2019-03-02,106646
276,Rachel Allen,hibarra@example.com,Engineering,Manufacturing systems engineer,2020-10-10,40773
277,Anthony White,amanda82@example.net,Engineering,Tourist information centre manager,2019-03-16,102265
278,Donald Alvarado,sototiffany@example.com,Finance,"Administrator, arts",2019-01-20,101919
279,Randall Summers,hwebb@example.net,IT,"Psychologist, prison and probation services",2019-02-09,63949
280,Stephanie Mann,wayne39@example.com,HR,Chartered public finance accountant,2020-07-13,82098
281,Jamie Obrien,benjamin75@example.net,Marketing,"Pharmacist, hospital",2021-01-02,56763
282,Patricia Cohen,michaelgutierrez@example.org,IT,Licensed conveyancer,2023-08-25,48295
283,Sara Johnson,longjustin@example.com,Engineering,"Engineer, site",2023-01-16,71029
284,Ashley Soto,fisherjill@example.org,Marketing,Fast food restaurant manager,2020-01-16,103533
285,Michelle Peters,lwilliams@example.org,IT,"Therapist, occupational",2022-05-31,87832
286,Craig Munoz,garciaanthony@example.org,Engineering,"Therapist, music",2022-05-29,72295
287,Mrs. Shirley King,erin87@example.com,HR,Building control surveyor,2021-05-05,96625
288,Anita Hughes,mary01@example.org,Finance,"Engineer, maintenance (IT)",2023-04-29,95580
289,Mariah Bell,mary79@example.net,HR,Lawyer,2019-08-07,94429
290,Lucas Frazier,jaredjones@example.org,Finance,Health physicist,2020-05-03,107857
291,Keith Carson,mercedesbarnes@example.org,Engineering,Printmaker,2019-03-05,88471
292,Benjamin Terry,chad96@example.org,Marketing,"Production assistant, radio",2023-11-10,73476
293,Joan Ramirez,swalton@example.org,Engineering,Advertising copywriter,2021-06-13,84703
294,Vanessa Lowe,williamwilliams@example.com,Engineering,"Teacher, music",2021-05-25,61452
295,Gregory Evans,adrianbishop@example.com,Marketing,Chartered legal executive (England and Wales),2019-11-22,54295
296,Steven Wood,thorne@example.org,Finance,Trade union research officer,2021-11-03,89646
297,Krista Tate,joshua58@example.net,Finance,Community arts worker,2021-12-23,78273
298,Christopher Le,marypierce@example.com,Finance,Make,2021-12-25,46785
299,Amber Mueller,odavis@example.com,IT,"Teacher, adult education",2022-12-10,79293
300,Lawrence Parsons,rodgersbrandon@example.org,HR,Theatre stage manager,2022-05-25,83388
301,Alison Fowler,daltoncameron@example.org,HR,Barista,2021-02-07,114765
302,Christine Clark,bakershannon@example.org,Finance,"Research officer, trade union",2023-11-03,46262
303,John Golden,haynestimothy@example.net,HR,Air broker,2020-08-25,116387
304,Randall Martin,harveyalfred@example.net,HR,"Surveyor, mining",2020-05-29,101851
305,Anne Lee,roydiaz@example.org,Marketing,Landscape architect,2020-03-03,84121
306,Amanda Lambert,david25@example.org,HR,Customer service manager,2022-02-02,42869
307,Michael Copeland,jorgepearson@example.net,Finance,Printmaker,2020-03-28,61879
308,Angela Horn,michael00@example.org,Finance,"Engineer, maintenance (IT)",2022-12-03,108459
309,Gary Richardson,owoods@example.com,IT,Ambulance person,2019-10-13,61912
310,Linda Kent,kennethwallace@example.org,Finance,IT sales professional,2023-01-30,58457
311,Rick Baldwin,paul97@example.net,IT,Systems analyst,2020-10-21,89239
312,Dylan Zimmerman,autumn16@example.com,Marketing,"Production assistant, television",2019-06-20,92994
313,Cindy Moore,qmartin@example.com,HR,"Scientist, forensic",2022-02-26,91058
314,Abigail Soto DDS,luke89@example.org,HR,Meteorologist,2019-12-18,53538
315,Gregory Colon,kimberlyblack@example.net,Marketing,Health service manager,2020-11-04,103780
316,Courtney Harding,douglasfields@example.net,HR,Secondary school teacher,2022-08-02,72695
317,Richard Sanchez,pbates@example.net,HR,"Biochemist, clinical",2023-10-23,73579
318,Rachael Mitchell,rita02@example.net,Engineering,Television production assistant,2023-08-11,49839
319,Kathryn Collins,morganthomas@example.org,HR,"Designer, fashion/clothing",2021-06-01,78609
320,Sandra Villegas,orussell@example.net,Engineering,Site engineer,2023-08-29,87031
321,Andre Curry,reneeryan@example.net,Marketing,Ergonomist,2020-07-01,51310
322,Justin Walker,tammythompson@example.org,HR,Ceramics designer,2020-05-31,117575
323,Spencer Burnett,robertmiles@example.net,HR,Armed forces operational officer,2020-10-29,50826
324,Adam Dominguez,jamesmcmillan@example.net,Finance,Archivist,2019-02-10,109358
325,Rhonda Simmons,hernandezsarah@example.org,Engineering,Educational psychologist,2023-08-24,49085
326,Nancy Mendoza,catherinenicholson@example.org,Engineering,Wellsite geologist,2019-08-08,107505
327,Kimberly Mcbride,seancalhoun@example.org,Marketing,"Programmer, applications",2020-06-21,114631
328,James Johnson,ramirezmarie@example.org,Finance,Educational psychologist,2019-11-27,105681
329,Christopher Martinez,golson@example.net,Finance,"Research officer, trade union",2023-09-12,54933
330,Rebecca Porter,amanda45@example.com,Marketing,Dispensing optician,2022-12-04,106177
331,Tracy Hicks MD,mjones@example.net,HR,"Engineer, manufacturing",2022-04-11,75244
332,Brent May,bradbradley@example.net,HR,Geophysical data processor,2021-11-29,62020
333,Rachel Murphy,iantaylor@example.org,IT,Multimedia programmer,2019-08-25,69229
334,Melody Ortiz,elizabethstone@example.com,IT,Technical brewer,2018-12-02,119807
335,April Robinson,campbellkylie@example.com,IT,Lobbyist,2022-11-04,106300
336,Betty Vasquez,garciajason@example.org,IT,International aid/development worker,2021-09-19,84758
337,Tiffany Cain,mark97@example.org,HR,Information officer,2021-02-15,67199
338,Steven Carr,david86@example.com,HR,"Designer, interior/spatial",2020-08-05,50372
339,Denise Norman,manuelwells@example.org,Engineering,Ambulance person,2023-10-17,85333
340,Donna Foley,ujohnston@example.net,IT,"Teacher, English as a foreign language",2021-03-09,97168
341,Russell Brock,troach@example.com,Engineering,Medical illustrator,2019-10-25,119280
342,Caleb Harris,nicholas79@example.org,Finance,"Merchandiser, retail",2023-01-06,101514
343,Robert Barrera,stevenscott@example.org,Marketing,"Journalist, newspaper",2020-10-29,86128
344,Brendan Ferrell,tanderson@example.org,Engineering,"Editor, commissioning",2019-04-17,114756
345,Kelly Clarke,johnsonwendy@example.net,Marketing,IT consultant,2020-12-06,60554
346,Donald Thomas,cassandrabryant@example.com,IT,Air broker,2021-05-05,107369
347,Natalie Mcfarland,wcarter@example.net,Marketing,Geoscientist,2021-04-21,49603
348,Shannon Herrera,millermaria@example.org,Engineering,"Surveyor, building control",2022-08-25,41379
349,Todd Mathis,mcfarlandarthur@example.com,Engineering,"Education officer, community",2020-05-27,108605
350,Jennifer Camacho,christine95@example.org,Engineering,Multimedia specialist,2020-07-12,88922
351,Mark Moore,bgibson@example.org,Engineering,Government social research officer,2022-06-14,41806
352,Michelle Lewis,michael62@example.com,Finance,"Scientist, marine",2019-03-11,78819
353,Miss Kimberly Curtis,guzmandakota@example.com,Finance,Legal secretary,2021-08-04,117485
354,Derrick Nichols,lindsey54@example.net,Finance,Osteopath,2021-07-21,118546
355,Tyler Simpson,george25@example.org,HR,Conference centre manager,2022-11-19,68535
356,Sarah Barnes,wilsonsusan@example.org,Finance,Museum/gallery exhibitions officer,2021-10-22,102794
357,Amy Miller,edward41@example.org,IT,"Investment banker, corporate",2020-06-15,73728
358,Adam Macias,ballen@example.org,Finance,Legal executive,2019-10-02,112818
359,Deanna Garrett,scott54@example.org,IT,Investment analyst,2022-07-06,54472
360,Katherine Pena,masonsusan@example.com,Marketing,Proofreader,2019-07-14,87591
361,Michelle Phillips,brendanwilson@example.org,HR,Science writer,2022-01-03,69053
362,Debra Vasquez,sburton@example.net,Marketing,Counselling psychologist,2020-08-28,75045
363,Stephanie Lee,corysharp@example.com,HR,Chartered legal executive (England and Wales),2021-09-04,102959
364,Brandon Myers,tinadelgado@example.net,HR,Arts development officer,2022-04-14,74832
365,Paul Fleming,rachelcasey@example.net,HR,Health service manager,2023-08-23,52512
366,Cindy Matthews,stephanie51@example.org,Engineering,"Designer, furniture",2021-01-08,70315
367,Randy Williams,travisfox@example.org,Marketing,"Surveyor, land/geomatics",2019-01-20,67240
368,Valerie Parks,tracie44@example.net,IT,Insurance claims handler,2023-09-04,98331
369,Glen Jackson,wrichmond@example.net,Engineering,"Editor, film/video",2019-08-08,84452
370,Christopher Garcia,amydavis@example.org,Finance,"Buyer, industrial",2021-09-06,78363
371,William Greer,lisa82@example.com,IT,Catering manager,2021-11-29,88772
372,Jorge Nelson,kbrown@example.net,Finance,Ergonomist,2023-04-06,113266
373,Jeffery Green,richard79@example.org,Marketing,Medical secretary,2020-06-01,110192
374,Jeffrey Mccormick,patricia45@example.org,IT,Waste management officer,2022-03-07,110794
375,Alexis Hudson,seanfitzgerald@example.net,Engineering,"Therapist, sports",2023-05-04,94315
376,Vicki Cox,timothyvalentine@example.com,Marketing,Personal assistant,2021-06-17,52142
377,Elaine Zimmerman,paulajensen@example.com,Finance,Solicitor,2019-04-11,115920
378,Mark Ryan,jimeneztroy@example.com,Marketing,Ranger/warden,2019-03-04,119517
379,Angela Davis,walterbond@example.org,IT,Chartered legal executive (England and Wales),2023-01-09,64662
380,William Henderson,dwu@example.net,Engineering,Chief Technology Officer,2021-11-23,74896
381,Michelle Johnson,williamsjoseph@example.com,Finance,Therapeutic radiographer,2020-11-26,84877
382,Andrew Hill,heatherblair@example.net,HR,Bookseller,2019-05-30,61930
383,Justin Larsen,lopezcrystal@example.org,Marketing,"Designer, multimedia",2021-07-11,46514
384,Oscar Banks,lmartinez@example.org,HR,Optometrist,2020-02-28,94775
385,Lisa Thomas,moorecolin@example.com,Engineering,Social researcher,2019-03-03,66083
386,Ann Luna,jennahoward@example.org,IT,Seismic interpreter,2022-02-13,80029
387,Kathleen Holmes,jaime65@example.org,Marketing,Herpetologist,2020-11-04,72085
388,Dan Page,diane23@example.com,HR,Publishing copy,2022-07-20,88544
389,Clifford Reed,loweryjennifer@example.net,Finance,Medical illustrator,2023-02-19,44352
390,Robert Burton,anoble@example.org,Marketing,Town planner,2020-01-18,43215
391,Dr. Monica Osborne MD,pjohnson@example.com,HR,"Designer, multimedia",2019-05-04,43669
392,Jacqueline Glass,vincentjoseph@example.net,Engineering,"Secretary, company",2020-04-19,106848
393,Sandra Hall,hughesdylan@example.net,Finance,"Teacher, secondary school",2020-10-01,115150
394,Erica Barrett,mendezryan@example.net,Engineering,Careers information officer,2019-06-20,61795
395,Holly Guerrero,hmartin@example.net,Finance,Regulatory affairs officer,2023-03-10,55651
396,Edward Sexton,escobarduane@example.net,IT,"Scientist, biomedical",2019-11-18,52279
397,Cheryl Gonzalez,marcia86@example.com,HR,"Scientist, physiological",2022-12-04,108316
398,Jay Campbell,jeffbriggs@example.com,Finance,Phytotherapist,2022-01-11,118740
399,Taylor Farrell,leachchristopher@example.net,Engineering,Acupuncturist,2020-07-27,68358
400,Dawn James,emily12@example.com,IT,Manufacturing systems engineer,2020-03-24,44071
401,Eric Hendricks,cooperheather@example.net,Engineering,Site engineer,2023-04-23,112846
402,Christopher Scott,jonesaaron@example.org,Marketing,"Horticulturist, amenity",2021-11-01,60531
403,Tracy Juarez,kristinnorton@example.net,Engineering,"Designer, multimedia",2019-02-05,69054
404,Todd Smith,tamara96@example.org,Engineering,Psychotherapist,2019-03-16,107207
405,Tammy Huber,william99@example.com,Finance,Health and safety inspector,2020-08-18,110309
406,Deborah Graves,matthewdunn@example.net,IT,Visual merchandiser,2021-08-02,70978
407,Laura Mason,pwilliams@example.org,IT,Claims inspector/assessor,2019-12-18,86801
408,Alicia Hughes,carolineavila@example.net,IT,Health physicist,2020-12-08,42980
409,Matthew Miller,pamelabarton@example.com,HR,Aid worker,2020-09-24,80148
410,Jessica Hunt,jessemitchell@example.org,Marketing,Private music teacher,2019-11-27,67052
411,Jeffrey Thomas,twest@example.net,Marketing,Occupational therapist,2022-10-16,108408
412,Timothy Saunders,doliver@example.net,IT,Operational researcher,2022-02-02,67002
413,Victoria Cunningham,richard04@example.org,Finance,Phytotherapist,2021-11-08,68934
414,Philip Wright,chelsea48@example.org,HR,Naval architect,2020-11-07,92768
415,Robert Bishop,wgriffin@example.org,Engineering,Print production planner,2020-11-12,43461
416,Felicia Solis,jennifer00@example.net,Finance,Dealer,2022-09-25,102907
417,Gary Johnson,stevenschneider@example.com,HR,Dispensing optician,2019-02-19,109299
418,William Solis,eramirez@example.org,HR,Estate agent,2022-04-15,116674
419,Shannon Lopez,albert32@example.com,Finance,Claims inspector/assessor,2021-10-02,107716
420,Christopher Torres,michellepowell@example.org,Finance,"Psychologist, sport and exercise",2022-12-25,75759
421,Theresa Newton,mclaughlinbarbara@example.com,Engineering,Financial risk analyst,2021-12-24,91458
422,Matthew Raymond,prestongomez@example.com,HR,"Engineer, civil (consulting)",2022-02-20,109647
423,Jason Thomas,ywashington@example.org,Engineering,Make,2021-03-03,49755
424,Lisa Mosley,byrdmorgan@example.net,Finance,Chiropodist,2021-07-28,48232
425,Ellen Singh,roblesedward@example.com,Finance,"Surveyor, building",2023-07-12,101563
426,James Brown,tiffanyvillegas@example.org,Engineering,Higher education careers adviser,2020-11-23,107379
427,Linda Herrera,tgreen@example.com,Engineering,"Designer, interior/spatial",2019-01-28,114501
428,Francisco Bennett,thompsonstephen@example.org,HR,Structural engineer,2019-09-17,107384
429,Nicholas Ward,richard17@example.org,Finance,Optometrist,2018-12-04,84476
430,Annette Hart,marquezbrandi@example.net,IT,Clinical research associate,2023-06-05,58027
431,Kelly Pena,lori75@example.net,Engineering,Radio producer,2022-08-11,71101
432,Dustin Parks,ythomas@example.net,Marketing,Graphic designer,2020-03-11,79470
433,Ernest Bray,obass@example.net,Finance,Sub,2021-05-05,89086
434,Amy Taylor,kyle20@example.com,Finance,Personal assistant,2023-06-24,70246
435,Meredith Wood,tuckerbrandi@example.org,Engineering,Stage manager,2020-07-27,66187
436,Christopher Roach,tom82@example.net,HR,Ranger/warden,2019-04-15,45255
437,Michelle Bennett,christopher46@example.org,Engineering,Trade union research officer,2019-05-04,97802
438,Scott Stewart,molinabrooke@example.com,Marketing,Sports coach,2019-01-19,68212
439,Danielle Hill,bryantaaron@example.org,Marketing,"Loss adjuster, chartered",2021-03-15,68454
440,Rhonda Lewis,christopherallen@example.net,Finance,"Designer, industrial/product",2022-11-12,108034
441,Todd White,james58@example.org,Marketing,Biomedical engineer,2022-02-04,119237
442,Sabrina Harvey,sharon46@example.net,HR,Radio broadcast assistant,2020-01-19,40098
443,Dr. Collin Byrd III,handerson@example.org,HR,Naval architect,2021-06-25,65917
444,David Harrell,abrown@example.net,Finance,Herpetologist,2018-11-21,55584
445,Todd Parker,kenneth67@example.org,Marketing,Licensed conveyancer,2019-11-13,97380
446,Jacob Washington,belinda35@example.com,Engineering,Educational psychologist,2018-11-18,69342
447,John Willis,troy21@example.net,Engineering,Chief Strategy Officer,2021-05-07,50118
448,Jay Miller,jamesprice@example.org,Finance,Armed forces operational officer,2022-11-12,41778
449,Sharon Brown,jasonguzman@example.com,Engineering,Warehouse manager,2018-11-26,74536
450,Nicole Walker,kristen45@example.net,Finance,Media buyer,2021-09-05,92679
451,David Cooper,amberrosales@example.com,Engineering,"Production designer, theatre/television/film",2020-01-28,104920
452,Lisa Griffith,caitlynlee@example.net,Finance,"Designer, graphic",2020-02-16,111569
453,Gary Watkins,stephanieanderson@example.net,Engineering,Software engineer,2019-10-10,112083
454,Jonathan Ryan,christopher77@example.net,Marketing,Writer,2021-12-15,52789
455,Jennifer Taylor,riveraemily@example.com,Finance,Retail manager,2019-11-01,45223
456,Brittney Cooper,villegasfrederick@example.org,Engineering,Historic buildings inspector/conservation officer,2023-01-12,65699
457,Maria Winters,oroberts@example.com,HR,Tourism officer,2022-07-26,70950
458,Ruth Franklin,emily00@example.com,IT,Acupuncturist,2020-11-15,51883
459,Steven Mercado,dawn45@example.net,IT,Jewellery designer,2020-12-04,70336
460,Kristen Liu,swilliams@example.net,IT,Forest/woodland manager,2021-08-16,105102
461,Taylor Newton,zacharyjackson@example.net,HR,Horticultural consultant,2020-09-16,78102
462,Ricky Peterson,afaulkner@example.org,Engineering,Charity fundraiser,2020-06-05,61445
463,Mark Cooper,amanda96@example.org,Marketing,Recruitment consultant,2021-05-03,53610
464,Renee Hopkins,sstewart@example.org,Engineering,"Designer, multimedia",2021-11-10,103179
465,Christopher Williams,crystalcastro@example.net,Finance,Dealer,2022-01-30,64874
466,Eric Fowler,jimenezwendy@example.org,IT,"Therapist, occupational",2019-03-27,46235
467,Erin Vargas,eric04@example.net,Finance,"Engineer, civil (contracting)",2020-11-27,71798
468,Craig Gonzalez,mitchellerika@example.com,HR,Energy manager,2021-11-10,112017
469,Edward Douglas,jrichardson@example.org,Marketing,Insurance claims handler,2022-05-06,98127
470,Rebecca Beard,hsoto@example.com,IT,"Designer, graphic",2019-12-08,47677
471,Walter White,hsnyder@example.net,IT,Health physicist,2018-11-19,101292
472,Shelley Gray,winterstimothy@example.org,Finance,Equality and diversity officer,2020-02-24,42085
473,Patrick Ali,pporter@example.com,IT,Fisheries officer,2021-07-30,78444
474,Scott Carter,carterrobert@example.com,IT,Energy engineer,2019-07-10,44539
475,Thomas Alexander,stephaniemartinez@example.org,IT,Textile designer,2021-01-16,45457
476,Thomas Burke,veronicarodriguez@example.net,Engineering,Arboriculturist,2020-03-15,95159
477,Christopher Scott,acostasean@example.com,Finance,Sport and exercise psychologist,2020-12-19,110463
478,Seth Wiley,elizabeth28@example.org,HR,Passenger transport manager,2019-10-23,61710
479,Anthony Jackson,chavezmary@example.org,Finance,"Nurse, children's",2021-07-06,117183
480,Nicholas Robinson,jameschan@example.org,Marketing,Tax inspector,2023-07-23,91033
481,Jessica Mathews,kbeck@example.com,Engineering,"Civil engineer, consulting",2021-10-18,67021
482,Lisa Robinson,leonamy@example.com,Finance,Mental health nurse,2018-11-22,100403
483,Natasha Chavez,danielwatson@example.net,IT,"Production designer, theatre/television/film",2021-05-12,68483
484,Tiffany Baker,nriggs@example.net,IT,Herbalist,2019-01-12,96568
485,Daniel Dennis,scott50@example.org,Marketing,Aeronautical engineer,2019-01-26,95717
486,Stanley Martin,aharrell@example.com,Marketing,"Optician, dispensing",2020-06-26,84761
487,Jasmine Rodriguez,savannahjacobson@example.com,HR,"Programme researcher, broadcasting/film/video",2022-05-11,86417
488,Alexandra Carr,austincheryl@example.net,Finance,General practice doctor,2018-12-14,111365
489,Dustin Henderson,zjohnson@example.com,Engineering,Artist,2018-11-20,73298
490,Mary Owens,fowlerjoshua@example.net,HR,Ambulance person,2020-04-25,114139
491,Mary Larson,yadams@example.org,Engineering,Learning disability nurse,2019-04-05,105703
492,Miss Elizabeth Cox,jack97@example.net,Marketing,Nutritional therapist,2021-10-10,85808
493,Krystal Martinez,susanryan@example.org,Finance,Water quality scientist,2019-12-17,49100
494,Nicole Fields,shannon33@example.net,Finance,Warden/ranger,2020-04-05,54448
495,Sandra Dawson,davisderek@example.org,HR,Holiday representative,2020-08-05,75895
496,Cassandra Jones,martinpitts@example.com,Engineering,Production manager,2022-03-16,67170
497,Melanie Blanchard,chavezsarah@example.net,HR,"Psychologist, counselling",2021-06-14,60151
498,Nancy Green,gwilkinson@example.net,Engineering,Clinical biochemist,2020-06-03,82850
499,Dwayne Hudson,bward@example.net,Finance,Environmental manager,2021-10-22,43179
500,Bryan Walker,jcampbell@example.org,Finance,"Engineer, biomedical",2023-11-15,107496
501,Robert Kirk,barbertina@example.com,HR,Pathologist,2020-09-21,61613
502,Lance Johnson,richard16@example.net,Finance,Technical sales engineer,2023-02-25,99536
503,Larry Carey,michael37@example.com,HR,"Nurse, adult",2019-09-15,57542
504,Patricia Sanchez,yhenderson@example.org,Engineering,"Engineer, building services",2021-08-29,105419
505,Joseph King,allison33@example.com,Marketing,Editorial assistant,2023-06-20,107675
506,Janice Moore,taylorruiz@example.net,Engineering,Software engineer,2023-01-27,86166
507,Mr. Trevor Mcmillan,nlewis@example.org,Marketing,Industrial buyer,2021-07-01,111721
508,Andrew Juarez DDS,ibrown@example.com,Marketing,Exercise physiologist,2019-03-08,116300
509,Whitney Torres,hannah33@example.org,HR,Trading standards officer,2023-03-26,113519
510,Mary Thompson,ashleyjones@example.net,Engineering,"Solicitor, Scotland",2020-06-02,117612
511,Eric Lambert,greenkathleen@example.com,IT,"Engineer, aeronautical",2023-05-30,118604
512,Douglas Bates,hrios@example.com,HR,Clinical research associate,2019-09-20,103561
513,Tracey Fowler,williamsbradley@example.com,Engineering,Hotel manager,2023-10-13,60630
514,Justin Stewart,april66@example.org,Marketing,Insurance account manager,2023-06-28,103710
515,Ronald Ramos,fhaynes@example.org,Engineering,Interior and spatial designer,2020-07-18,84854
516,Shaun Nielsen,dawncollins@example.com,HR,"Teacher, special educational needs",2019-04-10,96601
517,Thomas Smith,brittanyreeves@example.org,Engineering,"Doctor, general practice",2019-09-11,48971
518,Christine Smith,melissa14@example.net,Marketing,Customer service manager,2019-10-19,67141
519,Andrew Turner,ramirezroger@example.org,Finance,Forest/woodland manager,2019-11-01,60318
520,Brittany Martin,linda77@example.net,Marketing,Emergency planning/management officer,2020-06-17,78912
521,Jerry Harrington,zamoraangela@example.net,Marketing,Planning and development surveyor,2021-12-26,117592
522,Margaret Cohen,yrosario@example.com,Finance,Soil scientist,2021-05-14,81305
523,Alexis Summers,raymaureen@example.net,Engineering,Broadcast journalist,2018-11-25,99467
524,Madison Smith,rpeterson@example.org,Engineering,"Surveyor, mining",2021-03-24,52530
525,Angel Anderson,larrywhite@example.net,Finance,Curator,2023-10-04,47973
526,Brandon Glass,christianwest@example.com,Marketing,Careers adviser,2019-12-11,57083
527,Jessica Gamble,thomasortega@example.com,IT,Advertising copywriter,2020-07-08,93650
528,Aimee Schwartz,kelliramirez@example.com,IT,Armed forces training and education officer,2020-10-25,104346
529,Sabrina Crosby,denisejohnson@example.org,IT,Airline pilot,2021-08-24,73944
530,Mark Pierce,millercassandra@example.com,Finance,Industrial buyer,2022-12-17,68676
531,Andrew Navarro,zmills@example.com,Finance,"Engineer, building services",2019-04-12,103648
532,Joseph Morales,nicolepage@example.com,Marketing,Economist,2022-04-22,95689
533,Amanda Bond,abigail44@example.com,IT,"Designer, furniture",2018-11-22,54969
534,Patricia Salazar,jamesdaniel@example.com,IT,"Engineer, maintenance",2019-10-04,49961
535,John Jackson,elizabethfrost@example.com,HR,Museum/gallery curator,2022-10-22,45174
536,Matthew Sanchez,hcole@example.org,Finance,Health and safety adviser,2019-03-15,95946
537,Brenda Holmes,brianserrano@example.net,Finance,"Buyer, retail",2021-10-15,71246
538,Arthur Horn,dwillis@example.net,HR,Geographical information systems officer,2021-12-24,64380
539,James Watson,pdavies@example.org,Marketing,Corporate investment banker,2021-08-27,46916
540,Laura Sanchez,pamela77@example.com,Marketing,Hydrogeologist,2023-02-05,59765
541,Patrick Davis,nancy06@example.org,HR,Health physicist,2022-08-04,92157
542,Jacqueline Velez,shannon69@example.org,IT,Music therapist,2020-07-05,106290
543,Jacob Wilson,dbishop@example.net,Engineering,Equities trader,2020-10-11,73426
544,Jackson Murphy,mejiajames@example.org,HR,Fine artist,2023-06-20,109305
545,Donald Bishop,anthony72@example.net,HR,"Production assistant, television",2020-07-17,98614
546,James Mckenzie,ellenpatrick@example.net,IT,Music therapist,2019-02-01,118901
547,Brian Johns,wbrown@example.com,Marketing,Paediatric nurse,2020-07-08,69066
548,Jillian Thomas,collinsjenny@example.org,HR,"Runner, broadcasting/film/video",2021-12-20,92385
549,Michael Rojas,elijahbrown@example.org,IT,Recycling officer,2020-09-12,88833
550,Carl Jackson,nancybarnett@example.org,HR,Radio broadcast assistant,2021-07-31,49171
551,Cheyenne Herrera,bradleycurtis@example.net,Engineering,Police officer,2021-07-23,96993
552,Leslie Banks,valerieevans@example.com,Engineering,Customer service manager,2022-11-05,70421
553,Christopher Webb,mackenzie59@example.org,HR,Special educational needs teacher,2022-09-24,59663
554,Rose Foster,thomasbridget@example.net,Finance,Retail merchandiser,2023-05-18,107127
555,Joshua Diaz MD,mendozakaitlin@example.org,Engineering,Community arts worker,2022-05-19,105873
556,Tammy Foster,stacey91@example.com,HR,Editorial assistant,2022-01-03,106573
557,Renee Frey,alexisbanks@example.com,IT,"Doctor, general practice",2020-10-27,71584
558,Christopher Church II,stephaniewells@example.net,Engineering,Astronomer,2022-07-02,88066
559,Courtney Hebert,hadams@example.net,Engineering,"Administrator, Civil Service",2020-11-28,111372
560,Daniel Chan,calebduarte@example.org,Finance,Land/geomatics surveyor,2020-01-09,98534
561,Travis Lyons,clarkallison@example.org,Marketing,"Designer, jewellery",2020-02-28,93026
562,Karen Pace,dfernandez@example.org,Finance,"Engineer, civil (contracting)",2023-04-21,59592
563,Jonathan Smith,fstephens@example.com,Marketing,Chartered certified accountant,2022-04-08,98702
564,Christopher Lawrence,daltonmichelle@example.org,Marketing,"Surveyor, planning and development",2022-05-09,42598
565,Andrea Williams,cory21@example.com,IT,Logistics and distribution manager,2019-01-31,92736
566,Maxwell Wall,nelsonvalerie@example.org,Marketing,"Engineer, broadcasting (operations)",2019-10-10,93389
567,James Lee,crossalicia@example.com,HR,Energy manager,2019-02-28,79628
568,Jeremy Burns,justin09@example.com,Finance,Research scientist (physical sciences),2020-12-17,114205
569,Mark Garner,luke58@example.com,Marketing,Drilling engineer,2023-08-03,86891
570,Casey Sandoval,sharonfox@example.net,IT,"Clinical scientist, histocompatibility and immunogenetics",2019-09-13,63439
571,Sabrina Scott,fanderson@example.com,IT,Estate agent,2019-05-28,117700
572,Stephanie Gardner,plambert@example.org,Engineering,"Engineer, maintenance (IT)",2023-11-10,58645
573,Lisa Johnson,bradley11@example.org,Marketing,"Engineer, energy",2021-07-25,49854
574,Bruce Bailey,johnsonsavannah@example.com,IT,Tree surgeon,2021-12-20,101281
575,Sarah Baker,bryantshelia@example.com,Engineering,"Designer, textile",2019-04-02,79422
576,Adam Sharp,marshalldarrell@example.net,HR,Pharmacologist,2022-02-10,88712
577,Jackie Trujillo,ramoslatoya@example.org,IT,Arts development officer,2020-08-13,89996
578,Michael Lawrence Jr.,michaelriley@example.net,HR,Multimedia programmer,2020-07-15,54334
579,Connie Liu,cmeyers@example.com,IT,Telecommunications researcher,2019-12-23,88740
580,Heather Riley,dunlapgregory@example.org,Finance,Production engineer,2019-01-10,50998
581,Nicole Stevenson,perrywright@example.org,Engineering,"Surveyor, minerals",2020-06-03,40027
582,Benjamin Ferguson,ehudson@example.net,HR,"Therapist, speech and language",2020-06-15,50765
583,Heather Schmidt,juan67@example.com,HR,Surgeon,2021-05-19,76607
584,Barry Brown,barrettamy@example.org,Finance,Actor,2019-03-08,105944
585,Jessica Brown,pattersonvickie@example.net,HR,Visual merchandiser,2021-10-04,119325
586,Nicole Mcintosh,rollinsdonna@example.net,Marketing,Personal assistant,2020-07-30,67944
587,Travis Colon,franciscobrown@example.net,IT,Personnel officer,2023-03-09,52750
588,Robert Brown,saundersbenjamin@example.com,Engineering,Primary school teacher,2020-06-23,110171
589,Janice Mills,tamarawhite@example.com,Marketing,"Engineer, manufacturing systems",2019-08-28,45135
590,Karen Owen,gutierrezrobert@example.net,Engineering,Geochemist,2020-04-14,92189
591,Brittany Rose,phillipserica@example.com,HR,Gaffer,2019-05-17,49856
592,Michael Alexander,david06@example.net,Marketing,"Engineer, mining",2023-05-11,98463
593,Dennis Moore,reynoldsstephanie@example.org,HR,Pension scheme manager,2023-05-11,114149
594,Adam Reed,jennifer45@example.com,Engineering,"Loss adjuster, chartered",2022-03-27,51572
595,Roger Perez,joshuaharris@example.net,Marketing,Theatre stage manager,2021-12-26,112036
596,Christopher Griffin,alvaradoandrea@example.net,IT,Orthoptist,2022-10-07,54065
597,Brian Weaver,danielsnyder@example.net,Engineering,Sports administrator,2022-04-15,80657
598,Kevin Sanchez,zchapman@example.org,Engineering,Agricultural consultant,2022-03-05,88129
599,Johnny Munoz,christina89@example.net,Engineering,Emergency planning/management officer,2023-04-26,73712
600,Ashley Pratt,amandapearson@example.org,Finance,Dancer,2021-05-12,84867
601,Larry Young,lisa41@example.org,HR,Product/process development scientist,2022-01-03,94763
602,John Reyes,byrdangela@example.org,Finance,"Surveyor, commercial/residential",2019-09-18,42799
603,Ivan Johnson,andersonheather@example.org,Engineering,"Embryologist, clinical",2021-03-22,103265
604,Steven Floyd,melissaperry@example.com,Finance,Exhibition designer,2020-11-16,97382
605,Erica Clark,umosley@example.org,Finance,Chiropodist,2021-04-28,102231
606,Jerry Porter,dwright@example.com,Marketing,Computer games developer,2021-10-20,75863
607,Sheryl Meyer,teresalloyd@example.org,IT,"Designer, multimedia",2020-03-03,48474
608,Jacqueline Hernandez,anthonywalters@example.org,Marketing,Health visitor,2023-03-03,78020
609,Megan Gutierrez,aguilarmarilyn@example.net,IT,Media buyer,2022-12-06,104192
610,Stephen Cook,gabriellalewis@example.net,Marketing,Architect,2021-10-24,80153
611,Kayla Edwards,zvang@example.net,Marketing,Chartered certified accountant,2019-07-04,90166
612,Lori Sanders,rebecca54@example.com,Engineering,Hospital doctor,2021-12-26,45380
613,Sheryl Baker,grivera@example.net,Finance,Chartered accountant,2022-03-24,69146
614,Vicki Powell,paynetodd@example.com,IT,"Production designer, theatre/television/film",2023-06-18,119732
615,Kelly Norris,jortega@example.org,Engineering,Chartered accountant,2020-12-23,83853
616,Barbara Rose,shepherdlouis@example.net,IT,"Exhibitions officer, museum/gallery",2022-10-24,101385
617,Patrick Todd,lauriehuynh@example.net,IT,"Education officer, museum",2023-04-16,78080
618,Derek Jones,timothy65@example.net,Marketing,Press sub,2023-11-04,64423
619,Laura Benitez,brittany31@example.com,Engineering,Interior and spatial designer,2022-12-01,117602
620,Eric Boyd,dryan@example.org,IT,Financial planner,2019-12-01,78338
621,Jonathan Palmer,harveysharon@example.org,Finance,Psychiatrist,2021-04-11,73335
622,Stacey Bowman,vnelson@example.org,Finance,Charity officer,2021-08-13,96275
623,David Kane,bmcintyre@example.org,HR,"Embryologist, clinical",2020-11-24,67925
624,Jeremy Hanson,ewolf@example.net,IT,Field seismologist,2023-03-18,75526
625,Reginald Finley,sanchezjonathan@example.com,Finance,Theatre director,2023-11-07,84839
626,Allison Brown,jamesboyd@example.com,IT,Mudlogger,2019-04-28,92590
627,Sarah Bennett,robertsonvalerie@example.com,Finance,Mudlogger,2019-06-29,119199
628,Daniel Mata,mary49@example.org,IT,Regulatory affairs officer,2020-11-14,44792
629,Sarah Diaz,nicholas20@example.org,HR,"Optician, dispensing",2021-11-24,100543
630,Lori Robinson,albertgallagher@example.com,Engineering,Forensic scientist,2019-05-03,97443
631,Spencer Dixon,connorolson@example.com,IT,"Accountant, chartered public finance",2022-02-09,116766
632,Jennifer Wagner,nfisher@example.net,HR,"Copywriter, advertising",2020-04-03,69904
633,Brian Thomas,schaefermichael@example.net,Engineering,Ship broker,2022-10-11,98936
634,Rebecca Young,rodriguezmichael@example.net,HR,Press sub,2021-04-13,75470
635,Michael Williams,mary53@example.org,Finance,"Teacher, secondary school",2023-05-21,72359
636,Patricia Galvan,stephensonbrittney@example.net,IT,"Psychologist, sport and exercise",2021-08-19,48563
637,Jessica Ramirez,mooresandra@example.com,Finance,Occupational hygienist,2020-11-16,96878
638,Christopher Christensen,stoutdavid@example.net,Engineering,Neurosurgeon,2023-06-27,114814
639,Brandon Moore,piercemichael@example.net,Marketing,Bonds trader,2022-06-23,97009
640,Adam Jackson,james35@example.org,Engineering,"Journalist, newspaper",2019-12-12,44577
641,Brian Clements,kathleen29@example.com,Marketing,Public librarian,2022-11-21,44621
642,Linda Sutton,bmckee@example.com,HR,"Buyer, retail",2023-11-03,68853
643,Alexis Moon,meghan47@example.net,Engineering,Applications developer,2021-10-19,107300
644,Tracey Lee,barbara11@example.com,Finance,"Runner, broadcasting/film/video",2023-02-01,45838
645,Ashley Mack,fevans@example.com,IT,Drilling engineer,2022-05-28,111662
646,Jesse Anderson,hawkinsdaniel@example.org,HR,Brewing technologist,2023-04-08,72681
647,Robin Petersen,iwilson@example.org,Engineering,Print production planner,2019-09-04,97127
648,Kristen Wheeler,wthompson@example.com,Finance,"Education officer, community",2022-12-13,62304
649,Ms. Kimberly Duke,uperez@example.com,IT,Exhibition designer,2022-06-13,79257
650,Lauren Reyes,kelsey22@example.com,Marketing,Sports therapist,2022-01-08,116260
651,Jean Kennedy,cheyenne06@example.net,HR,Product designer,2019-12-27,49245
652,Maria Benton,kristenperez@example.org,Engineering,Analytical chemist,2020-09-02,117436
653,Nicholas Brown,imyers@example.org,HR,"Journalist, magazine",2021-04-17,63985
654,Michael Browning,erincampbell@example.net,Finance,Ship broker,2021-10-08,88043
655,Aaron Lewis,robert63@example.net,Finance,"Therapist, drama",2021-06-16,104001
656,Amber Arroyo,reesewilliam@example.com,IT,Control and instrumentation engineer,2020-10-19,77304
657,Craig Hughes,anthonywood@example.net,Engineering,"Engineer, technical sales",2019-07-05,40311
658,John Murphy,tlambert@example.com,Marketing,Architectural technologist,2022-02-23,58676
659,Emily Jones,deanna49@example.org,Engineering,"Lecturer, higher education",2023-07-23,107908
660,Adam Payne,michellesmith@example.net,HR,Claims inspector/assessor,2019-08-03,98070
661,Laura Thomas,rrice@example.net,Marketing,Chief Strategy Officer,2023-06-13,113012
662,Jesse Grant,jmartinez@example.net,HR,Ergonomist,2021-01-02,118022
663,Carrie Boyd,sharonmontes@example.org,IT,Toxicologist,2023-11-09,103209
664,Cynthia Knight,wallacekevin@example.org,IT,"Conservator, furniture",2023-02-22,109831
665,Brandon Davidson,kbaldwin@example.com,IT,Advertising copywriter,2021-10-14,112000
666,Andrea Johnson,kscott@example.com,Engineering,"Doctor, hospital",2021-12-06,72736
667,Richard Park,yhurley@example.net,Marketing,Quality manager,2022-05-16,100379
668,Robert Martin,jenkinsjennifer@example.com,Engineering,Electrical engineer,2022-07-16,92775
669,Lori Smith,smithheather@example.net,Finance,Network engineer,2022-09-15,75484
670,Kenneth Velez,dturner@example.org,Engineering,Mechanical engineer,2020-02-13,79336
671,Dr. Steve Cox DDS,kathycolon@example.net,Finance,Corporate investment banker,2023-07-09,119083
672,Peggy Todd,michaelsmith@example.net,IT,Chief Executive Officer,2022-07-13,82799
673,Jacob King,wfarrell@example.com,Engineering,Charity fundraiser,2023-02-02,41701
674,Jacqueline Anderson,mhart@example.com,IT,Sports development officer,2019-03-14,100998
675,Cameron Ramirez,susankelly@example.net,HR,Financial planner,2022-07-19,41918
676,Aaron Barnes,hbonilla@example.org,HR,"Librarian, public",2020-12-28,49462
677,Tracy Cook,megancantu@example.com,HR,Armed forces technical officer,2022-05-09,105217
678,Jennifer Pope,john52@example.com,Finance,"Buyer, retail",2019-11-06,94356
679,Janet Whitehead,santiagosarah@example.org,IT,Actor,2021-07-24,41064
680,Mary Cantrell,danielle32@example.org,HR,Advice worker,2021-12-06,78400
681,Jennifer Murphy,jonathanalexander@example.org,Engineering,Fisheries officer,2020-04-06,43415
682,Donna Moore,ashley04@example.org,Finance,Land/geomatics surveyor,2022-06-26,118207
683,Christine Morris,martinjonathan@example.net,Marketing,Retail merchandiser,2021-08-03,119663
684,Daniel Ayala,ihoward@example.com,Engineering,Minerals surveyor,2020-06-21,58985
685,Robert Contreras,christopherdominguez@example.net,Marketing,Police officer,2019-04-11,91318
686,Kellie Perez DDS,williamward@example.com,Marketing,Freight forwarder,2022-08-06,90997
687,Sherry Williamson,ashley82@example.com,Engineering,Meteorologist,2019-04-07,87262
688,Robert Smith,leblanctiffany@example.com,Marketing,Financial planner,2021-04-22,87111
689,Kevin Soto,andersonpatrick@example.com,Engineering,Chief Marketing Officer,2022-05-23,87019
690,David Mccoy,andrewmills@example.org,HR,Advertising account executive,2020-01-25,94758
691,Charles Torres,pricemiranda@example.net,Engineering,Contractor,2020-02-09,48069
692,Ebony Baker,vflores@example.org,Finance,Glass blower/designer,2021-10-16,84189
693,Sheryl Carrillo,markdeleon@example.net,Engineering,"Conservator, museum/gallery",2020-05-18,58361
694,Edward Roberts,larry96@example.net,IT,"Education officer, environmental",2022-05-16,59866
695,Keith Coleman,madisonpollard@example.net,IT,Sub,2019-05-28,104188
696,Tracy Jones,williamsmichelle@example.org,Engineering,Curator,2022-09-13,72862
697,Isabel Hernandez,kevin41@example.org,Marketing,Armed forces technical officer,2021-02-09,92986
698,Tiffany Jensen,carrolljoseph@example.net,IT,Sport and exercise psychologist,2021-02-06,94568
699,Karen Castro,conleyheidi@example.org,HR,Special effects artist,2019-12-29,111468
700,Thomas Carr,bjohnson@example.net,Finance,Probation officer,2023-05-20,118186
701,Larry Stevens,price@example.net,Engineering,Oceanographer,2023-08-02,68365
702,Paul Thompson,robertcervantes@example.org,Marketing,IT trainer,2020-09-28,62612
703,Jessica Smith,xwade@example.org,IT,"Doctor, general practice",2020-02-07,94978
704,Thomas Key,ramirezcaroline@example.net,Finance,Accommodation manager,2021-04-05,40270
705,William Logan,nhardy@example.net,Marketing,Dietitian,2022-01-18,41613
706,Sara Perez,brianwilson@example.net,Finance,Surgeon,2023-10-23,83253
707,Richard Parker,sreynolds@example.org,HR,Occupational hygienist,2022-07-27,42315
708,Billy Lee,laguilar@example.net,Marketing,Proofreader,2023-05-01,99427
709,John Tanner,rushtina@example.net,Engineering,"Solicitor, Scotland",2018-12-06,87207
710,Michael Garrison,ymcconnell@example.org,HR,"Conservation officer, historic buildings",2022-10-06,70331
711,Heather Mcguire,yeseniaoneill@example.org,Marketing,"Psychologist, forensic",2022-02-03,50748
712,William Cook,micheal61@example.org,IT,"Accountant, chartered certified",2021-03-03,54325
713,Carla Guerrero,clopez@example.net,Finance,"Engineer, broadcasting (operations)",2022-02-02,104531
714,Mark Nelson,gary52@example.org,HR,Marketing executive,2022-09-15,106438
715,Matthew Holland,jennifer30@example.com,Engineering,Research scientist (life sciences),2022-02-19,54622
716,Hunter Mcdonald,marcia12@example.org,IT,Games developer,2022-05-01,62958
717,David Mooney,pbowman@example.com,Marketing,Tour manager,2019-05-03,119980
718,Nancy Ponce,mthomas@example.net,HR,"Engineer, materials",2021-07-13,77231
719,Miranda Johnson,zoejacobs@example.org,Marketing,"Engineer, petroleum",2022-02-13,67332
720,Ellen Elliott,amy92@example.net,Finance,"Scientist, research (maths)",2021-07-08,71953
721,Amber Blanchard,tracy39@example.org,Engineering,Teaching laboratory technician,2019-07-19,50736
722,Patrick Sullivan,ernestrogers@example.com,Marketing,"Geneticist, molecular",2023-08-24,111253
723,Julia Oneal,jennifer68@example.com,Engineering,"Exhibitions officer, museum/gallery",2023-02-06,96694
724,Daniel Armstrong,marchodge@example.org,IT,Passenger transport manager,2023-03-18,54907
725,Robert Odonnell,nathananderson@example.net,Marketing,Advertising account planner,2023-02-10,49938
726,Angel Garcia,wilsonpaul@example.org,HR,Training and development officer,2022-04-19,118740
727,Teresa Francis,davidmills@example.com,HR,"Research officer, trade union",2022-09-12,108003
728,Luis Yu,walkernicholas@example.net,HR,"Engineer, land",2019-07-24,89973
729,Frank Davis,ronaldjones@example.org,Marketing,Production manager,2020-06-04,62806
730,Patricia Wagner,edwardsdebbie@example.org,IT,Technical brewer,2023-03-29,116229
731,William Pearson,courtneyrobinson@example.net,Engineering,"Administrator, sports",2021-12-01,57935
732,Stephanie Mcknight,davidcarson@example.com,HR,"Engineer, control and instrumentation",2022-12-06,109995
733,John Moore,xsims@example.net,IT,Proofreader,2023-10-08,69336
734,Melinda Lopez,natalieparrish@example.com,HR,Writer,2023-06-27,73468
735,Rodney Franco,kevin58@example.org,IT,Arboriculturist,2023-04-14,108746
736,Joel Hill,changwendy@example.com,HR,"Producer, radio",2020-11-08,119277
737,John Romero,mary14@example.com,Engineering,"Engineer, petroleum",2020-05-08,92890
738,Dawn Randolph,jillianrichards@example.net,Engineering,"Librarian, public",2022-08-30,75609
739,Christopher Boyer,romeronatalie@example.org,Marketing,"Therapist, drama",2019-11-29,61998
740,Tonya Brown,gphillips@example.org,Marketing,Estate manager/land agent,2019-10-08,51056
741,Shelly Gomez,brady28@example.org,Finance,Investment analyst,2019-02-01,57159
742,Ellen Hinton,tmorales@example.net,Finance,Haematologist,2023-10-13,45277
743,Natasha Newton,moorejohn@example.net,Engineering,Insurance broker,2021-05-17,64175
744,John Espinoza,isabellarivera@example.org,Engineering,Retail manager,2021-10-15,42020
745,Jaime Oneill,henryrita@example.com,IT,Trading standards officer,2023-06-13,87770
746,Deanna Griffin,cortezallen@example.net,Marketing,Emergency planning/management officer,2019-10-29,63866
747,William Aguilar,christian06@example.net,HR,Petroleum engineer,2019-07-16,69608
748,Jeffrey Cook,shawjustin@example.com,HR,Heritage manager,2021-09-27,41152
749,Kevin Edwards,elizabethdavis@example.com,Finance,Nutritional therapist,2020-05-12,94206
750,Zachary Johnston,farleyadam@example.com,Marketing,Educational psychologist,2022-12-15,57183
751,Sarah Bates,evan19@example.net,Marketing,Biomedical scientist,2022-12-21,64355
752,Laura Evans,amber67@example.com,Engineering,Computer games developer,2019-12-06,89003
753,Angela Sharp,fclark@example.com,Marketing,"Engineer, energy",2021-08-21,70594
754,Stephen Mcpherson,ellenjones@example.net,Marketing,Sport and exercise psychologist,2023-10-20,93762
755,Daniel Adams,ginaibarra@example.net,Finance,"Librarian, public",2021-03-30,71891
756,Steven Williams,sethbautista@example.org,Finance,Estate agent,2021-06-30,53913
757,John Davis,eweiss@example.net,HR,Firefighter,2020-08-23,95897
758,Emily Riley,thompsonanthony@example.org,IT,Jewellery designer,2019-01-02,105202
759,James Sanchez,longmichael@example.net,Finance,Building services engineer,2023-05-13,59423
760,Samantha Mccall,linda88@example.com,Engineering,Nutritional therapist,2020-10-26,45215
761,Richard Villarreal,kristinroy@example.net,Marketing,Jewellery designer,2021-04-30,108550
762,Melanie Roth,morrisstephanie@example.com,Finance,"Surveyor, mining",2023-09-25,93082
763,Sarah Wheeler,robertsjames@example.com,IT,Minerals surveyor,2019-08-05,106796
764,Melissa Blair,lindsey38@example.net,HR,Civil Service fast streamer,2019-06-03,50674
765,Tara Silva,hallkristen@example.org,Finance,Field seismologist,2020-05-25,116180
766,Kim Howard,walter78@example.org,Finance,Animator,2022-06-12,63842
767,Julie Herrera,gmorgan@example.net,Engineering,Best boy,2021-07-13,102584
768,Alexandria Moyer,leecoleman@example.com,Finance,"Journalist, newspaper",2021-07-19,92630
769,Troy Mccormick,dlong@example.com,IT,"Engineer, site",2021-07-07,106339
770,Juan Evans,reynoldsbrian@example.net,Engineering,Minerals surveyor,2021-10-04,77076
771,Ryan Hernandez,anthonypope@example.com,IT,"Designer, ceramics/pottery",2020-04-16,68375
772,Derek Brewer,stacy13@example.com,Marketing,Magazine journalist,2022-02-09,81395
773,Alexis Glover,carriehumphrey@example.org,IT,Sales executive,2021-05-09,67356
774,Michael Ferguson,omoore@example.com,Engineering,Print production planner,2021-01-26,83773
775,Michael Cisneros,williamsdaniel@example.net,Finance,Barrister,2019-05-02,94719
776,Kathy Jenkins,ashleymiller@example.com,Engineering,Scientific laboratory technician,2023-03-30,103860
777,Sharon White,victoriabaker@example.org,HR,Maintenance engineer,2022-03-11,88493
778,Mr. Jason Owens,ernestwilliams@example.org,HR,Medical technical officer,2022-06-27,49787
779,Colleen Rush,felicia16@example.net,Engineering,Chiropodist,2019-02-19,96692
780,Kayla Scott,collinssabrina@example.com,IT,Research scientist (medical),2020-02-20,44469
781,Mark Jackson,msutton@example.net,HR,Warehouse manager,2021-11-23,119110
782,Christopher Vazquez,amandabyrd@example.org,Finance,Higher education careers adviser,2020-10-10,98425
783,Pamela King,vcarter@example.net,IT,Chartered accountant,2021-04-16,118624
784,Stephanie Doyle,mosesdavid@example.org,IT,"Engineer, mining",2021-06-23,40663
785,Steven Salinas,rodriguezmark@example.com,IT,Horticultural consultant,2023-10-29,66160
786,Gordon Smith,bryanhernandez@example.org,IT,"Surveyor, quantity",2020-10-20,78132
787,Michael Hughes,tiffany60@example.org,Finance,Special educational needs teacher,2020-09-07,72416
788,Alexandra Sullivan,gclark@example.com,HR,"Pharmacist, community",2022-01-14,82835
789,Donald Cowan,willisrachel@example.net,HR,Financial risk analyst,2019-11-11,80455
790,Casey Thompson,tyler41@example.net,Engineering,Furniture conservator/restorer,2020-05-01,77774
791,Todd Jarvis,andrea64@example.net,IT,Ophthalmologist,2020-01-09,59381
792,Beth Hicks,meghan36@example.org,Engineering,IT trainer,2021-07-03,85095
793,Tyler Crawford,marilyn68@example.net,HR,"Radiographer, therapeutic",2019-05-25,52326
794,Jennifer Simpson,glang@example.com,Engineering,Chartered accountant,2020-09-24,46531
795,Jeffrey Green,robertdavis@example.org,IT,Holiday representative,2023-06-14,45238
796,Andrew Johnson,james22@example.net,Marketing,"Engineer, electronics",2020-08-24,92669
797,Molly Snyder,johnholmes@example.org,Finance,Early years teacher,2021-10-06,109415
798,Daniel Miller,awarren@example.com,Engineering,"Surveyor, building",2020-02-24,91005
799,Tina Wolfe,johnbeck@example.org,IT,Orthoptist,2020-02-21,94960
800,Timothy Walker,jyang@example.com,Finance,Records manager,2023-07-11,45164
801,Lisa Chavez,ashley69@example.org,IT,"Biochemist, clinical",2019-03-29,116823
802,Todd Morris,russellatkinson@example.org,Finance,"Surveyor, building control",2021-03-02,107738
803,Regina Gonzales,daviscourtney@example.net,IT,Materials engineer,2022-01-25,55969
804,Christina Todd,coleshelton@example.org,HR,Broadcast engineer,2023-03-29,68910
805,Lori Johnson,shaneallen@example.com,IT,Recycling officer,2020-12-27,119716
806,Gerald Thompson,ricky45@example.org,HR,Tax adviser,2020-12-24,88379
807,Courtney Castro,xsmith@example.com,Finance,Catering manager,2022-08-08,94707
808,William Banks,christine49@example.com,Marketing,"Scientist, research (life sciences)",2019-10-03,44884
809,Cassie Arias,jessica29@example.org,Engineering,Visual merchandiser,2020-08-16,88568
810,Cameron Randall,kimberly68@example.net,HR,"Buyer, industrial",2018-12-26,48973
811,Angel Conner,sydney87@example.net,Engineering,Glass blower/designer,2020-01-11,59192
812,Michelle Johnson,cmoore@example.net,Finance,Advice worker,2019-05-25,97019
813,Marie Harris,brittanybaldwin@example.net,Finance,Warehouse manager,2018-12-01,94145
814,Timothy Reyes,gonzalezjessica@example.org,IT,"Clinical scientist, histocompatibility and immunogenetics",2021-01-01,82954
815,Richard Collins,johnhardy@example.com,Engineering,Television production assistant,2021-12-30,105595
816,Stephanie Bradford,deborah15@example.net,Marketing,Insurance underwriter,2022-12-16,46372
817,Christopher Mccullough,lorigarcia@example.org,IT,Music tutor,2019-02-22,70289
818,Andrew Rivera,michael68@example.net,Finance,Agricultural consultant,2023-08-09,87257
819,Gabrielle Woods,amorales@example.net,HR,Health and safety inspector,2022-04-13,112121
820,Austin Bell,mackenzie64@example.net,Marketing,"Psychologist, counselling",2021-07-14,101148
821,Thomas Mack,bjames@example.net,Engineering,Land,2020-08-05,96107
822,Ann Miller,richardsoncheryl@example.org,Engineering,Paramedic,2019-06-16,108132
823,Juan Brown,bphillips@example.org,Marketing,"Nurse, adult",2020-05-22,77702
824,Gabriela Cabrera,cheyennemoss@example.org,Finance,Actuary,2020-07-10,103215
825,Dr. Jennifer Chan,melissa01@example.org,Engineering,Contracting civil engineer,2022-09-08,83395
826,Jimmy Griffin,porterpatricia@example.net,IT,"Engineer, production",2021-10-13,81906
827,Whitney Sims,gjones@example.com,Finance,Environmental consultant,2022-09-27,95943
828,Kristine Roberts,jennifer16@example.net,IT,Publishing rights manager,2023-10-02,48762
829,Carrie Anderson,fbrown@example.org,HR,Radio broadcast assistant,2022-09-25,65362
830,Heather Taylor,amy71@example.net,Engineering,"Runner, broadcasting/film/video",2022-08-17,86367
831,Nicholas Williams,davidanderson@example.org,Finance,Insurance account manager,2019-03-22,50773
832,Vicki Hale,ksmith@example.net,Finance,Automotive engineer,2019-06-06,84871
833,Rebecca Lyons,estradaalicia@example.net,Marketing,"Accountant, chartered certified",2020-01-18,115264
834,Alex Hammond,zriley@example.org,HR,Psychiatrist,2022-01-26,44081
835,Bradley Woods,egraham@example.org,Finance,Press photographer,2022-06-03,75533
836,Morgan Moore,idrake@example.org,Engineering,"Investment banker, corporate",2019-06-21,45722
837,Charles Hernandez,dsexton@example.net,HR,Adult guidance worker,2020-02-28,94190
838,Mr. David Carroll,curtis02@example.net,IT,Tour manager,2019-03-13,108377
839,Susan Murray,eharrington@example.net,HR,"Scientist, research (life sciences)",2019-07-13,86208
840,Travis Peck,scott13@example.com,IT,Geochemist,2019-08-10,55050
841,Jacob Mitchell,aroman@example.org,HR,Air broker,2019-12-09,113261
842,Anthony Maldonado MD,ortizdaniel@example.net,IT,Intelligence analyst,2022-05-20,63648
843,Mariah Conley,kaufmancharles@example.org,IT,Nature conservation officer,2023-06-10,64977
844,Valerie Sparks,nancyramsey@example.com,Finance,"Editor, film/video",2021-09-15,80166
845,Michael Allen,mendozacassandra@example.com,Engineering,"Accountant, chartered certified",2021-01-10,74181
846,Ryan Perkins DDS,andersenmelissa@example.org,HR,"Administrator, Civil Service",2019-02-01,110680
847,Nicholas Perez,seanhickman@example.com,HR,"Surveyor, minerals",2019-12-07,76394
848,Daniel Hanson,joshuabray@example.net,Finance,Armed forces training and education officer,2022-09-18,100713
849,Mary Haley,vdiaz@example.com,HR,"Surveyor, building control",2019-08-24,93579
850,Adrienne Mcgrath,sheilawoods@example.com,IT,"Teacher, music",2019-11-08,61284
851,Ryan Miller,chandlerjason@example.org,Marketing,Publishing rights manager,2020-10-31,112093
852,Mr. Derrick Wolfe,mariamartin@example.net,Finance,Television production assistant,2023-05-05,99395
853,Benjamin Smith,royronald@example.org,Engineering,Brewing technologist,2019-12-27,98287
854,Kelly Turner,davidmccoy@example.net,Engineering,Intelligence analyst,2022-06-10,66886
855,Shelby Sullivan,william14@example.net,HR,Higher education lecturer,2020-01-31,102427
856,Jennifer Parker,derrick83@example.com,Marketing,Operational investment banker,2021-02-17,105169
857,Laura Johnson,thompsonpatricia@example.net,Engineering,"Development worker, international aid",2019-12-29,108130
858,Anna Larson,lovenicole@example.org,Marketing,Field trials officer,2020-11-25,78454
859,Joshua Jones,elaine59@example.com,Finance,Geographical information systems officer,2023-01-19,83102
860,Mary Glass,qlane@example.org,Marketing,"Engineer, civil (contracting)",2021-03-11,78680
861,Oscar Dorsey,frobinson@example.com,Finance,"Scientist, research (maths)",2022-07-12,97233
862,Kathryn Odom,wolfejohn@example.net,Marketing,Office manager,2023-05-25,52408
863,Lindsey Olson,john33@example.com,Finance,Manufacturing systems engineer,2020-02-16,58747
864,Ashley Crane,lsmith@example.com,HR,"Engineer, biomedical",2023-09-21,54854
865,Andre Rangel,jessica97@example.org,Marketing,Counselling psychologist,2022-05-27,53832
866,Jimmy Wood,panderson@example.com,Marketing,"Engineer, electrical",2023-07-31,62151
867,Joseph Schroeder,piercejeffrey@example.net,Engineering,"Accountant, chartered certified",2018-12-06,104861
868,Shawn Gibson,joel64@example.com,Finance,Theme park manager,2021-05-13,63032
869,Jennifer Miller,debra55@example.com,Finance,Artist,2020-10-21,90240
870,Melissa Clark,cynthia38@example.com,HR,Commercial/residential surveyor,2021-02-13,56660
871,Andrew Wilson,elizabethjacobs@example.com,IT,"Education officer, community",2022-03-17,113220
872,Brian Bell,eroberts@example.net,IT,"Solicitor, Scotland",2022-09-12,106893
873,Manuel Walters,davidreynolds@example.net,Marketing,Field trials officer,2021-03-10,83606
874,Madeline Flores,glewis@example.com,Marketing,Environmental consultant,2023-10-28,103876
875,Jamie Bush,jennifersmith@example.net,IT,"Pharmacist, hospital",2019-08-19,111840
876,Tracy Crosby,wford@example.org,Finance,Rural practice surveyor,2020-06-07,41962
877,Robert Maldonado,christina05@example.org,Marketing,"Designer, multimedia",2021-09-09,74222
878,Stephen Beck,lindagarcia@example.org,Finance,"Accountant, chartered",2021-09-12,76185
879,Samantha Dorsey,aallen@example.com,IT,Banker,2023-07-19,40443
880,Jennifer Williams,bernardandrew@example.com,Finance,Minerals surveyor,2022-09-18,113960
881,Daniel Mcfarland,michaelnelson@example.org,HR,Psychiatrist,2021-08-12,67729
882,Brian Hodges,millsvincent@example.com,HR,Freight forwarder,2023-01-04,61425
883,Justin Cook,nicole34@example.org,IT,Camera operator,2022-10-25,81451
884,Chase Grant,gerald76@example.com,HR,Educational psychologist,2023-02-19,78187
885,Amanda Anderson,hannahspencer@example.com,IT,"Engineer, maintenance (IT)",2021-12-16,47347
886,Anita James,monica10@example.com,Marketing,Management consultant,2022-11-08,80292
887,Ernest Hoffman,ebennett@example.net,HR,"Engineer, electrical",2021-05-23,110064
888,Danielle Evans MD,clementsevan@example.org,Marketing,Hospital pharmacist,2020-01-30,84860
889,Kimberly Lopez,mwilliams@example.org,HR,Legal secretary,2021-12-13,116278
890,Clarence Dillon,chapmancory@example.com,IT,Sports coach,2019-07-05,119957
891,Corey Mahoney,nicolerojas@example.net,IT,Leisure centre manager,2019-11-30,81943
892,Johnny Morgan,smithheather@example.net,Finance,Statistician,2023-10-07,94660
893,Timothy Reed,michael38@example.net,Engineering,"Research officer, government",2022-08-25,53753
894,Claudia Obrien,slopez@example.org,HR,"Research officer, government",2019-12-12,81127
895,Nancy Bass,marissaconner@example.net,HR,Higher education lecturer,2022-09-02,100317
896,James Perez,plee@example.net,Engineering,Physiotherapist,2023-05-01,51071
897,Claire Harrison,perezamy@example.net,Marketing,"Engineer, mining",2022-07-20,46102
898,Darrell Hansen,jsoto@example.com,Engineering,"Designer, jewellery",2019-11-30,101269
899,Michelle Wood,williamsmicheal@example.net,Marketing,Site engineer,2020-04-22,70371
900,Mitchell Martinez,donald11@example.net,Finance,Outdoor activities/education manager,2019-11-19,77213
901,Shannon Reyes MD,erinclark@example.org,Marketing,"Psychologist, occupational",2020-01-26,114446
902,Glen Gardner,callahanlaura@example.net,Engineering,Equities trader,2021-01-24,118830
903,Linda Cooper,robinsonchristina@example.net,Finance,Event organiser,2019-02-20,64672
904,Dawn Watson,joseph84@example.org,HR,Legal executive,2022-09-10,53264
905,Michael Garcia,stacie21@example.com,Marketing,Research scientist (maths),2021-07-02,86792
906,Brian Suarez,sarahhernandez@example.org,Finance,Arts development officer,2022-11-06,102000
907,Luis Moreno,jenniferlee@example.com,IT,Proofreader,2022-02-05,85610
908,Bradley Cannon,ecombs@example.net,Engineering,"Pharmacist, hospital",2019-10-05,40546
909,Joanna Rivas,bakerscott@example.com,HR,Technical brewer,2019-02-21,62739
910,Natasha Brown,sarahfernandez@example.org,Engineering,Data processing manager,2020-09-24,97355
911,James Moore,changkevin@example.net,Marketing,"Surveyor, planning and development",2021-08-28,41554
912,Kenneth Mendoza,whitesusan@example.net,Finance,"Engineer, mining",2023-11-07,78034
913,Joseph Vaughn,timromero@example.com,Finance,Biomedical engineer,2019-07-26,89264
914,Marie Bishop,lisa24@example.com,Engineering,Newspaper journalist,2018-12-26,75775
915,George Jones,gomezmichael@example.com,Engineering,Quantity surveyor,2022-08-13,92181
916,Jennifer Rogers,tiffanyholt@example.org,Finance,"Runner, broadcasting/film/video",2021-07-18,79896
917,Michael Lowe,vincenttodd@example.org,IT,Meteorologist,2019-09-06,89597
918,Danielle Wallace,erinmendez@example.org,IT,Writer,2022-03-06,56612
919,Melissa Black,juarezchristopher@example.org,HR,Barrister's clerk,2021-07-28,111402
920,Erica Sutton,brianna03@example.org,HR,Herpetologist,2021-02-17,108574
921,Justin Smith,maurice98@example.net,IT,Environmental health practitioner,2019-11-07,74840
922,Abigail Simpson,sfrederick@example.net,Marketing,"Therapist, sports",2019-05-28,113900
923,Billy Williams,davidwall@example.net,HR,Quality manager,2022-01-21,102157
924,Sylvia Andrews,oharris@example.org,IT,Gaffer,2022-05-08,73799
925,David James,krich@example.net,Marketing,"Education officer, environmental",2018-12-12,89422
926,Mr. Julian Copeland,kaitlynklein@example.com,Finance,Computer games developer,2021-11-11,106314
927,Laura Taylor,bcross@example.org,Finance,Naval architect,2019-01-08,98637
928,Allen Hernandez,reynoldsjake@example.com,Marketing,Armed forces operational officer,2020-01-02,80772
929,Jordan May,adam60@example.net,Finance,Retail merchandiser,2019-01-25,90994
930,Anthony Nicholson,dboyd@example.com,Finance,IT consultant,2020-07-17,56953
931,Kimberly Diaz,hsims@example.com,HR,Financial manager,2022-05-18,40522
932,Annette Fields,deborahnelson@example.net,HR,Acupuncturist,2018-11-27,119245
933,Sean Morgan,james56@example.org,IT,Maintenance engineer,2020-06-19,45956
934,Hannah Sims,martineznancy@example.com,HR,Health promotion specialist,2021-04-25,63960
935,Nicole Smith,sotojamie@example.org,Marketing,Armed forces logistics/support/administrative officer,2022-03-25,75705
936,Brett Wilson,bonnie84@example.org,HR,"Investment banker, operational",2022-03-13,42428
937,Cynthia Walker,meagan25@example.org,IT,Data processing manager,2022-12-19,89915
938,Carlos Marks,mary49@example.org,Finance,"Administrator, education",2021-03-03,117021
939,Eric Mata,morganjones@example.org,Finance,Theme park manager,2019-12-20,44007
940,Mark Barnett,charles36@example.org,HR,Armed forces logistics/support/administrative officer,2023-02-11,48431
941,Clayton Lester,kferguson@example.org,Marketing,Ranger/warden,2023-07-14,53945
942,Kelsey Hopkins,jessica04@example.org,Finance,Medical physicist,2021-08-29,72645
943,Ashley Larsen,dnoble@example.com,Marketing,Plant breeder/geneticist,2022-11-20,119272
944,Ashley Lopez,wrightamy@example.com,Marketing,Manufacturing engineer,2019-11-14,42416
945,Michael Thompson,rollinssusan@example.net,Engineering,Adult nurse,2020-03-06,105724
946,Sarah Frazier,christiansalazar@example.com,Marketing,Dancer,2020-03-16,73188
947,Patricia Rose,meganjohnson@example.com,Engineering,Editorial assistant,2023-04-07,77356
948,Rachael Andrews,ldean@example.org,Marketing,Soil scientist,2022-12-21,96020
949,Robert Hall,nmiller@example.com,Marketing,"Engineer, electronics",2018-11-19,43654
950,Christopher Morales,mooremary@example.net,Finance,Hotel manager,2019-06-26,78392
951,Michael Pacheco,mollymoore@example.com,HR,Photographer,2019-10-19,52653
952,Brian Newman,tsutton@example.net,Marketing,Quality manager,2018-12-28,47894
953,Daniel Roman,susan21@example.org,Finance,"Engineer, manufacturing systems",2020-05-24,83590
954,Matthew Roberson,shirley80@example.com,Engineering,"Engineer, electronics",2023-09-01,113036
955,Mariah Green,crystal75@example.com,Engineering,Chief Strategy Officer,2023-03-16,89776
956,Tammy Hunter,nelsondana@example.net,IT,"Designer, industrial/product",2020-01-23,52787
957,Christopher Williams,jmcdonald@example.com,IT,"Lecturer, further education",2020-05-06,78781
958,Rebecca Allen,zwood@example.net,Finance,"Engineer, automotive",2022-06-14,52976
959,Alexis Hernandez,ashleyknight@example.org,Finance,Applications developer,2021-02-10,87660
960,Margaret Bowers,jason81@example.com,Engineering,Analytical chemist,2021-06-08,69370
961,Nicole Jennings,johnharrison@example.org,Engineering,Leisure centre manager,2019-12-04,110520
962,David Weiss,rmoore@example.net,Marketing,"Research officer, political party",2020-10-30,44989
963,Lauren Reynolds,harold36@example.com,Engineering,Jewellery designer,2021-08-11,59728
964,Cynthia Davis,hgardner@example.com,Finance,"Engineer, land",2022-05-11,46825
965,Cody Mcbride,anthony02@example.org,Finance,"Accountant, chartered certified",2020-04-18,78857
966,Rita Lopez,harmonjames@example.com,HR,Health and safety adviser,2019-05-13,108555
967,Dawn Moreno,yevans@example.net,HR,Regulatory affairs officer,2019-03-30,92495
968,Lisa Lewis,pkeller@example.org,Finance,Careers information officer,2019-02-05,74455
969,Tracy Fischer,carrolldaniel@example.org,Marketing,Medical sales representative,2022-04-06,58530
970,Shane Turner,gwiggins@example.com,Finance,Hotel manager,2019-03-08,80300
971,Joseph Swanson,jasmine40@example.com,Engineering,Medical technical officer,2019-06-04,92583
972,Joseph Bailey,xpetty@example.org,Finance,Financial risk analyst,2019-02-23,98396
973,John Stewart,shafferbradley@example.net,IT,Exhibition designer,2021-03-14,56388
974,Whitney Hines,ddunn@example.org,Engineering,Marketing executive,2020-04-06,96169
975,Jasmine Santana,gabriellaweiss@example.com,HR,"Therapist, occupational",2019-11-29,114253
976,Thomas Preston,drew81@example.net,HR,Operational investment banker,2022-07-01,116051
977,Kristin Fleming,tdavidson@example.net,Marketing,Media planner,2021-04-21,51127
978,Jared Mitchell,ashley68@example.org,IT,"Psychotherapist, dance movement",2020-06-16,42238
979,Jason Adams,owilson@example.org,Engineering,Leisure centre manager,2021-01-06,112570
980,Brian Conner,tamaragriffin@example.org,Marketing,Psychiatrist,2021-01-31,100615
981,Thomas Potter,vsmith@example.org,Marketing,Publishing copy,2022-04-29,103023
982,Mr. Stephen Johnson,ppearson@example.com,Finance,Translator,2019-08-27,87487
983,Andrew Hunt,nicole21@example.net,Marketing,"Research officer, political party",2019-08-06,44363
984,Bernard Ferguson,zacharydavis@example.com,Finance,"Teacher, special educational needs",2019-06-09,82520
985,Amy Lopez,cruzkathryn@example.net,Engineering,Sports administrator,2021-07-05,72319
986,Diana Reynolds,davisabigail@example.com,Marketing,Fast food restaurant manager,2020-02-09,43121
987,Todd Nguyen,amberward@example.com,IT,Estate agent,2022-05-27,73466
988,Jane Bean,alan29@example.net,Finance,Bookseller,2023-10-27,55740
989,Angela Bridges,jonesedward@example.org,IT,Petroleum engineer,2019-04-28,100387
990,Joseph Hobbs,dfoster@example.net,Marketing,Print production planner,2023-10-18,92825
991,Jason Willis,maloneashley@example.org,Engineering,Advertising account executive,2023-09-11,79658
992,Janet Webster,kmaldonado@example.net,HR,Data scientist,2019-12-05,101430
993,Gary Webster,williamsjoseph@example.org,Engineering,Geochemist,2019-07-04,43035
994,Thomas Stephens,dale05@example.org,Finance,Chief of Staff,2022-12-30,75969
995,Jonathan Owens,irodriguez@example.com,HR,Solicitor,2023-04-12,115297
996,Sandra Carpenter,william72@example.org,IT,Hydrogeologist,2022-10-14,85160
997,Jackie Church,morenowyatt@example.net,HR,"Accountant, chartered public finance",2020-10-07,109359
998,Maria Watson,chale@example.org,HR,Pension scheme manager,2020-09-04,70527
999,Damon Taylor,sharris@example.net,Marketing,"Editor, magazine features",2019-08-03,45389
1000,Jessica Ochoa,kyle98@example.net,Engineering,Corporate treasurer,2023-07-12,64225